Problem,Optimizer,Converged,Time,Minimum,Iterations,f_calls,g_calls,f_hat,f_error,x_error
AKIVA,Accelerated Gradient Descent,true,0.004336057,131.634688972624,2,18,18,6.166042212417742,125.46864676020625,0.23710100361674571
AKIVA,BFGS,true,0.001256001,6.166042212417747,12,60,60,6.166042212417742,5.329070518200751e-15,7.731761564322426e-9
AKIVA,L-BFGS,true,0.001096076,6.166042212417748,10,53,53,6.166042212417742,6.217248937900877e-15,7.731762008411636e-9
AKIVA,Momentum Gradient Descent,true,0.004125299,6.166042212417749,20,93,72,6.166042212417742,7.105427357601002e-15,7.731762285967392e-9
AKIVA,Conjugate Gradient,true,0.028434461,6.166042212417869,310,1388,1388,6.166042212417742,1.270095140171179e-13,3.653413091220248e-7
AKIVA,Gradient Descent,false,0.076584441,6.166347439574116,1000,3647,3647,6.166042212417742,0.0003052271563737108,0.01852604838046973
AKIVA,Nelder-Mead,false,0.286377108,6.166042212417743,1000,1012,0,6.166042212417742,8.881784197001252e-16,1.0947627554491746e-8
AKIVA,Particle Swarm,false,0.210510754,6.166042212417742,1001,4004,0,6.166042212417742,0.0,0.0
AKIVA,Simulated Annealing,false,0.045079084,6.469061750810432,1000,1001,0,6.166042212417742,0.30301953839269036,0.5404507644273728
ALLINITU,Accelerated Gradient Descent,true,0.000130505,20.429051473423385,7,28,28,5.744384910320334,14.68466656310305,1.5179727939963943
ALLINITU,BFGS,true,0.000227162,5.744384910320337,13,55,55,5.744384910320334,2.6645352591003757e-15,6.383848338842313e-9
ALLINITU,L-BFGS,true,0.000217888,5.744384910320337,13,55,55,5.744384910320334,2.6645352591003757e-15,6.383848338842313e-9
ALLINITU,Momentum Gradient Descent,true,0.000286645,5.744384910320338,15,52,37,5.744384910320334,4.440892098500626e-15,6.34722119127993e-9
ALLINITU,Conjugate Gradient,true,0.000295249,5.744384910320337,23,85,85,5.744384910320334,2.6645352591003757e-15,9.477982620964553e-9
ALLINITU,Gradient Descent,true,0.000282654,5.744384910320338,21,78,78,5.744384910320334,4.440892098500626e-15,9.00171714945941e-9
ALLINITU,Nelder-Mead,false,0.017534618,5.744384910320335,1000,1047,0,5.744384910320334,8.881784197001252e-16,9.355239138919558e-9
ALLINITU,Particle Swarm,false,0.012843171,5.744384910320334,1001,5005,0,5.744384910320334,0.0,0.0
ALLINITU,Simulated Annealing,false,0.002412608,5.94612738665443,1000,1001,0,5.744384910320334,0.20174247633409603,0.15581434733663274
BARD,Accelerated Gradient Descent,true,0.000153752,50.563191342616605,3,14,14,0.00821487730657897,50.55497646531003,1.344295190443468
BARD,BFGS,true,0.000329536,0.00821487730657897,16,61,61,0.00821487730657897,0.0,0.0
BARD,L-BFGS,true,0.000267184,0.008214877306578973,15,58,58,0.00821487730657897,3.469446951953614e-18,1.3322676295501878e-15
BARD,Momentum Gradient Descent,true,0.000755455,0.008214877306579002,52,188,136,0.00821487730657897,3.2959746043559335e-17,3.230231704343112e-8
BARD,Conjugate Gradient,false,0.016890189,0.00869034759614905,1000,4005,4005,0.00821487730657897,0.0004754702895700801,0.28945761430212813
BARD,Gradient Descent,false,0.024208905,0.008261802234399027,1000,3685,3685,0.00821487730657897,4.6924927820057166e-5,0.08399042840123627
BARD,Nelder-Mead,true,0.001430015,0.008214877306578994,143,165,0,0.00821487730657897,2.42861286636753e-17,3.050270414028944e-8
BARD,Particle Swarm,false,0.005458213,0.008234988953082813,1001,4004,0,0.00821487730657897,2.0111646503843256e-5,0.05426392674874059
BARD,Simulated Annealing,false,0.001294981,0.030666051191650133,1000,1001,0,0.00821487730657897,0.022451173885071164,0.7692775786987913
BEALE,Accelerated Gradient Descent,true,0.00010041,4.0403292127609625,3,14,14,0.0,4.0403292127609625,1.666172011997097
BEALE,BFGS,true,0.000314436,0.0,12,49,49,0.0,0.0,0.0
BEALE,L-BFGS,true,0.000316601,0.0,12,49,49,0.0,0.0,0.0
BEALE,Momentum Gradient Descent,true,0.000717707,4.930380657631324e-32,22,134,112,0.0,4.930380657631324e-32,8.881784197001252e-16
BEALE,Conjugate Gradient,true,0.001149977,4.141519752410312e-30,76,375,375,0.0,4.141519752410312e-30,4.884981308350689e-15
BEALE,Gradient Descent,true,0.00194196,5.832878785144581e-12,175,639,639,0.0,5.832878785144581e-12,5.922242917399956e-6
BEALE,Nelder-Mead,true,0.00064957,1.1193872566948883e-17,66,75,0,0.0,1.1193872566948883e-17,7.43333661290535e-9
BEALE,Particle Swarm,false,0.003599143,0.0,1001,4004,0,0.0,0.0,5.551115123125783e-17
BEALE,Simulated Annealing,false,0.000968383,0.00552221630775826,1000,1001,0,0.0,0.00552221630775826,0.10989617241349015
BIGGS6,Accelerated Gradient Descent,true,8.1228e-5,1.2254552425347611,2,8,8,5.7657505149325235e-8,1.225455184877256,7.962263130687118
BIGGS6,BFGS,true,0.000896597,0.005655649809533316,26,106,106,5.7657505149325235e-8,0.005655592152028166,7.7460244703553425
BIGGS6,L-BFGS,true,0.001110203,0.0056556498095333115,27,116,116,5.7657505149325235e-8,0.005655592152028162,7.746024470355289
BIGGS6,Momentum Gradient Descent,true,0.010163631,0.0056556498095527265,431,1422,991,5.7657505149325235e-8,0.005655592152047577,7.746038640501114
BIGGS6,Conjugate Gradient,false,0.028373857,0.037464055451755914,1000,3517,3517,5.7657505149325235e-8,0.03746399779425076,2.5618145964348393
BIGGS6,Gradient Descent,false,0.031943304,0.02082607225386491,1000,3847,3847,5.7657505149325235e-8,0.02082601459635976,2.149729789398632
BIGGS6,Nelder-Mead,false,0.010060201,5.7657505149325235e-8,1000,1302,0,5.7657505149325235e-8,0.0,0.0
BIGGS6,Particle Swarm,false,0.01802938,0.001926552443620973,1001,7007,0,5.7657505149325235e-8,0.0019264947861158236,5.0125092020726765
BIGGS6,Simulated Annealing,false,0.002610829,0.2586190085055478,1000,1001,0,5.7657505149325235e-8,0.25861895084804265,6.216051417737833
BOX3,Accelerated Gradient Descent,true,9.0063e-5,7.7614856870346935,2,8,8,5.38222173009895e-19,7.7614856870346935,1.3287722423093653
BOX3,BFGS,true,0.000486062,5.38222173009895e-19,11,47,47,5.38222173009895e-19,0.0,0.0
BOX3,L-BFGS,true,0.000451094,5.38222173009895e-19,11,47,47,5.38222173009895e-19,0.0,0.0
BOX3,Momentum Gradient Descent,true,0.002398063,5.382223219824734e-19,85,292,207,5.38222173009895e-19,1.4897257833564441e-25,1.7559287357471476e-11
BOX3,Conjugate Gradient,false,0.028204114,8.373690647598811e-8,1000,4000,4000,5.38222173009895e-19,8.373690647544988e-8,0.013501127436658322
BOX3,Gradient Descent,true,0.026530113,5.382975364190452e-19,812,3369,3369,5.38222173009895e-19,7.536340915018876e-23,4.0519054778087593e-10
BOX3,Nelder-Mead,true,0.001656042,1.8729207711558986e-16,152,181,0,5.38222173009895e-19,1.8675385494257997e-16,1.8079476582499865e-7
BOX3,Particle Swarm,false,0.007889301,8.41751853735671e-5,1001,4004,0,5.38222173009895e-19,8.417518537356655e-5,0.37356709978197955
BOX3,Simulated Annealing,false,0.001725379,3.3142987833662826e-5,1000,1001,0,5.38222173009895e-19,3.314298783366229e-5,6.898778515727576
BRKMCC,Accelerated Gradient Descent,true,6.3953e-5,9.46883643721397,2,10,10,-76.86490161392595,86.33373805113992,1.4380485231793978
BRKMCC,BFGS,true,0.000163677,0.16904267919645027,6,24,24,-76.86490161392595,77.0339442931224,0.9367805590895396
BRKMCC,L-BFGS,true,6.9452e-5,0.16904267919645027,6,24,24,-76.86490161392595,77.0339442931224,0.9367805590895396
BRKMCC,Momentum Gradient Descent,true,9.0611e-5,0.16904267919645027,7,29,22,-76.86490161392595,77.0339442931224,0.9367805590895383
BRKMCC,Conjugate Gradient,true,0.0001493,0.16904267919645036,14,64,64,-76.86490161392595,77.0339442931224,0.9367805591825044
BRKMCC,Gradient Descent,true,0.000155925,0.169042679198978,13,54,54,-76.86490161392595,77.03394429312493,0.9367798385637599
BRKMCC,Nelder-Mead,true,0.000614523,0.16904267919645047,60,65,0,-76.86490161392595,77.0339442931224,0.9367805645065633
BRKMCC,Particle Swarm,false,0.003235743,-76.86490161392595,1001,4004,0,-76.86490161392595,0.0,0.0
BRKMCC,Simulated Annealing,false,0.001748888,0.18010452026618354,1000,1001,0,-76.86490161392595,77.04500613419214,0.9237298704640792
BROWNBS,Accelerated Gradient Descent,true,2.7358e-5,1.2665972988690457e12,2,7,7,0.0,1.2665972988690457e12,1.1249982500025e6
BROWNBS,BFGS,true,0.000270925,0.0,11,129,129,0.0,0.0,0.0
BROWNBS,L-BFGS,true,0.000267136,0.0,10,126,126,0.0,0.0,0.0
BROWNBS,Momentum Gradient Descent,true,0.000771234,0.0,16,177,161,0.0,0.0,0.0
BROWNBS,Conjugate Gradient,false,0.01013412,2.5000194190043295e11,1000,4499,4499,0.0,2.5000194190043295e11,500001.9418404126
BROWNBS,Gradient Descent,false,0.009494472,2.449761584095973e11,1000,4396,4396,0.0,2.449761584095973e11,494950.66260137333
BROWNBS,Nelder-Mead,true,0.001234844,5.793595357022296e-17,181,251,0,0.0,5.793595357022296e-17,1.3969838619232178e-9
BROWNBS,Particle Swarm,false,0.003046296,0.0,1001,4004,0,0.0,0.0,0.0
BROWNBS,Simulated Annealing,false,0.00073058,9.991951377600443e11,1000,1001,0,0.0,9.991951377600443e11,999597.4621341652
BROWNDEN,Accelerated Gradient Descent,true,0.000106403,5.756930197681798e6,2,9,9,85822.20135243254,5.671107996329365e6,35.337443987231566
BROWNDEN,BFGS,true,0.000720368,85822.2013524326,16,66,66,85822.20135243254,5.820766091346741e-11,1.1065254335029806e-7
BROWNDEN,L-BFGS,true,0.000932956,85822.20135243263,17,77,77,85822.20135243254,8.731149137020111e-11,1.1064736743504611e-7
BROWNDEN,Momentum Gradient Descent,true,0.001145478,85822.20135243263,34,117,83,85822.20135243254,8.731149137020111e-11,1.0981381062813433e-7
BROWNDEN,Conjugate Gradient,true,0.003397728,85822.20135243263,81,345,345,85822.20135243254,8.731149137020111e-11,3.5493907385442114e-7
BROWNDEN,Gradient Descent,true,0.006124525,85822.20135243292,171,621,621,85822.20135243254,3.7834979593753815e-10,4.765187142652394e-7
BROWNDEN,Nelder-Mead,false,0.026962499,85822.20135243254,1000,1045,0,85822.20135243254,0.0,0.0
BROWNDEN,Particle Swarm,false,0.008452994,85822.69156432981,1001,5005,0,85822.20135243254,0.4902118972677272,0.019434319486512308
BROWNDEN,Simulated Annealing,false,0.00163523,86175.36712952146,1000,1001,0,85822.20135243254,353.1657770889142,0.397518283309525
CHNROSNB,Accelerated Gradient Descent,true,0.000269291,5351.727027793581,3,13,13,1.3864427624485588e-28,5351.727027793581,1.9154495298761005
CHNROSNB,BFGS,true,0.016788795,3.9245941351944253,190,686,686,1.3864427624485588e-28,3.9245941351944253,1.9609176631216725
CHNROSNB,L-BFGS,false,0.039298856,1.3864427624485588e-28,503,1880,1880,1.3864427624485588e-28,0.0,0.0
CHNROSNB,Momentum Gradient Descent,true,0.04140273,5.7628606405304005e-28,758,3017,2259,1.3864427624485588e-28,4.376417878081841e-28,5.007105841059456e-14
CHNROSNB,Conjugate Gradient,false,0.040572671,15.256934781444368,1000,3497,3497,1.3864427624485588e-28,15.256934781444368,0.9841428372189125
CHNROSNB,Gradient Descent,false,0.079699473,13.195052717451155,1000,3528,3528,1.3864427624485588e-28,13.195052717451155,0.9790563741453903
CHNROSNB,Nelder-Mead,false,0.024715696,4861.869362261505,1000,1195,0,1.3864427624485588e-28,4861.869362261505,3.7916233342349406
CHNROSNB,Particle Swarm,false,0.29220339,38.41742313630143,1001,51051,0,1.3864427624485588e-28,38.41742313630143,0.9921664627647465
CHNROSNB,Simulated Annealing,false,0.002865253,7635.839999999999,1000,1001,0,1.3864427624485588e-28,7635.839999999999,2.0000000000000084
CHNRSNBM,Accelerated Gradient Descent,true,0.000193312,4072.371138225297,4,17,17,0.0,4072.371138225297,2.7211211989080364
CHNRSNBM,BFGS,true,0.009681549,0.0,172,625,625,0.0,0.0,0.0
CHNRSNBM,L-BFGS,false,0.025707699,3.1382142676388545e-28,601,2222,2222,0.0,3.1382142676388545e-28,1.8318679906315083e-14
CHNRSNBM,Momentum Gradient Descent,true,0.014739798,5.862438021234904e-27,485,1760,1275,0.0,5.862438021234904e-27,1.3244960683778118e-13
CHNRSNBM,Conjugate Gradient,false,0.032815977,29.182837492298646,1000,3501,3501,0.0,29.182837492298646,0.9945196779975177
CHNRSNBM,Gradient Descent,false,0.050542818,19.590034828354568,1000,3765,3765,0.0,19.590034828354568,0.9945175636170679
CHNRSNBM,Nelder-Mead,false,0.011920394,4106.572073409948,1000,1257,0,0.0,4106.572073409948,2.8759272649122916
CHNRSNBM,Particle Swarm,false,0.296065326,37.690048082289955,1001,51051,0,0.0,37.690048082289955,0.9973494886203287
CHNRSNBM,Simulated Annealing,false,0.002900029,8633.49433156,1000,1001,0,0.0,8633.49433156,2.0
CLIFF,Accelerated Gradient Descent,true,0.000101179,Inf,2,44,44,0.19978661367769956,Inf,1.7826497819519264e6
CLIFF,BFGS,true,0.000343497,0.19978661367769956,11,163,163,0.19978661367769956,0.0,0.0
CLIFF,L-BFGS,true,0.000323002,0.19978661367769956,10,160,160,0.19978661367769956,0.0,6.941114349956479e-13
CLIFF,Momentum Gradient Descent,true,0.000452123,0.19978661367769956,28,204,171,0.19978661367769956,0.0,1.569755436747755e-9
CLIFF,Conjugate Gradient,false,0.011692739,0.5967059328862242,1000,3567,3567,0.19978661367769956,0.39691931920852463,63.00184959018927
CLIFF,Gradient Descent,true,0.0003337,Inf,18,167,167,0.19978661367769956,Inf,5462.127005637191
CLIFF,Nelder-Mead,true,0.000636101,0.19978661367769956,79,102,0,0.19978661367769956,0.0,5.506716975745007e-7
CLIFF,Particle Swarm,false,0.003167427,0.2007115347703387,1001,4004,0,0.19978661367769956,0.0009249210926391416,3.0412667382935386
CLIFF,Simulated Annealing,false,0.0007842,0.199851368041011,1000,1001,0,0.19978661367769956,6.475436331143669e-5,0.7016441860110603
CUBE,Accelerated Gradient Descent,true,5.1509e-5,183.42136247902627,4,19,19,0.0,183.42136247902627,1.7885158717899046
CUBE,BFGS,true,0.000433053,0.0,45,188,188,0.0,0.0,0.0
CUBE,L-BFGS,true,0.013593044,0.0,45,184,184,0.0,0.0,0.0
CUBE,Momentum Gradient Descent,true,0.001096262,4.930380657631324e-32,43,237,194,0.0,4.930380657631324e-32,6.661338147750939e-16
CUBE,Conjugate Gradient,false,0.014295523,0.01566207890219453,1000,3532,3532,0.0,0.01566207890219453,0.33061936331830766
CUBE,Gradient Descent,false,0.017235524,0.0012119112721884812,1000,4084,4084,0.0,0.0012119112721884812,0.10090467878210219
CUBE,Nelder-Mead,true,0.001736503,4.639228152535484e-17,104,136,0,0.0,4.639228152535484e-17,1.2493494905285729e-8
CUBE,Particle Swarm,false,0.006148862,0.051501599166359484,1001,4004,0,0.0,0.051501599166359484,0.5380120188124535
CUBE,Simulated Annealing,false,0.001401101,0.03316499203088669,1000,1001,0,0.0,0.03316499203088669,0.05796169520967687
DECONVU,Accelerated Gradient Descent,true,0.00037399,162.70121128748713,2,8,8,2.0787688503163385e-31,162.70121128748713,2.2845056325978343
DECONVU,BFGS,true,0.208763583,2.0787688503163385e-31,854,3958,3958,2.0787688503163385e-31,0.0,0.0
DECONVU,L-BFGS,false,0.142302095,1.2357038488205296e-10,1000,3496,3496,2.0787688503163385e-31,1.2357038488205296e-10,0.12525998846330344
DECONVU,Momentum Gradient Descent,false,0.094705715,1.6147198446804972e-9,1000,3002,2002,2.0787688503163385e-31,1.6147198446804972e-9,0.24341943614573858
DECONVU,Conjugate Gradient,false,0.137090586,5.7712303500037486e-5,1000,3933,3933,2.0787688503163385e-31,5.7712303500037486e-5,0.29334563085453125
DECONVU,Gradient Descent,false,0.131576575,3.489468404533479e-5,1000,3675,3675,2.0787688503163385e-31,3.489468404533479e-5,0.2880281638919686
DECONVU,Nelder-Mead,false,0.020218348,71.6015848629619,1000,1557,0,2.0787688503163385e-31,71.6015848629619,5.932488785196293
DECONVU,Particle Swarm,false,0.790866709,0.014099306186653879,1001,64064,0,2.0787688503163385e-31,0.014099306186653879,3.660820604935285e8
DECONVU,Simulated Annealing,false,0.007935839,110.354018598764,1000,1001,0,2.0787688503163385e-31,110.354018598764,2.592946734984559
DENSCHNA,Accelerated Gradient Descent,true,4.3733e-5,4.2924818012091315,3,13,13,9.832157763763084e-79,4.2924818012091315,0.8142065167401419
DENSCHNA,BFGS,true,0.000126934,2.125301510840359e-34,10,38,38,9.832157763763084e-79,2.125301510840359e-34,1.985683610688914e-17
DENSCHNA,L-BFGS,true,0.000227968,4.503497882355779e-43,11,42,42,9.832157763763084e-79,4.503497882355779e-43,4.4144009103917305e-17
DENSCHNA,Momentum Gradient Descent,true,0.000129486,6.426489877907209e-63,13,42,29,9.832157763763084e-79,6.426489877907207e-63,5.233895045618677e-17
DENSCHNA,Conjugate Gradient,true,0.001558477,1.271675727222819e-32,118,468,468,9.832157763763084e-79,1.271675727222819e-32,1.241255370289218e-16
DENSCHNA,Gradient Descent,true,0.000877777,4.6375689294088695e-36,46,171,171,9.832157763763084e-79,4.6375689294088695e-36,8.69594326429443e-18
DENSCHNA,Nelder-Mead,true,0.001409456,1.3963991494828844e-16,60,67,0,9.832157763763084e-79,1.3963991494828844e-16,4.5608750540865826e-9
DENSCHNA,Particle Swarm,false,0.003235677,9.832157763763084e-79,1001,4004,0,9.832157763763084e-79,0.0,0.0
DENSCHNA,Simulated Annealing,false,0.001446686,0.001156838828285167,1000,1001,0,9.832157763763084e-79,0.001156838828285167,0.033313319006318655
DENSCHNB,Accelerated Gradient Descent,true,4.1171e-5,1.9874859009010213,3,13,13,0.0,1.9874859009010213,1.2364901712423517
DENSCHNB,BFGS,true,0.000116597,0.0,10,37,37,0.0,0.0,0.0
DENSCHNB,L-BFGS,true,9.9592e-5,0.0,10,37,37,0.0,0.0,0.0
DENSCHNB,Momentum Gradient Descent,true,8.8802e-5,0.0,9,31,22,0.0,0.0,0.0
DENSCHNB,Conjugate Gradient,true,0.00020563,0.0,26,93,93,0.0,0.0,0.0
DENSCHNB,Gradient Descent,true,0.000167392,0.0,20,72,72,0.0,0.0,0.0
DENSCHNB,Nelder-Mead,true,0.000550849,1.0323219627055675e-17,58,66,0,0.0,1.0323219627055675e-17,3.614852861488771e-9
DENSCHNB,Particle Swarm,false,0.003110642,4.930380657631324e-32,1001,4004,0,0.0,4.930380657631324e-32,2.220446049250313e-16
DENSCHNB,Simulated Annealing,false,0.000790129,0.0012357513449833065,1000,1001,0,0.0,0.0012357513449833065,0.02638154271772164
DENSCHNC,Accelerated Gradient Descent,true,5.5526e-5,17.21690196381315,4,18,18,0.0,17.21690196381315,0.5327596195457607
DENSCHNC,BFGS,true,0.000163621,0.18336165467793436,13,56,56,0.0,0.18336165467793436,0.9999999999999517
DENSCHNC,L-BFGS,true,0.000166933,0.18336165467793436,13,56,56,0.0,0.18336165467793436,0.9999999999999517
DENSCHNC,Momentum Gradient Descent,true,0.000537504,1.0107280348144214e-29,18,114,96,0.0,1.0107280348144214e-29,2.4424906541753444e-15
DENSCHNC,Conjugate Gradient,true,0.000395848,1.67632942359465e-30,36,146,146,0.0,1.67632942359465e-30,9.992007221626409e-16
DENSCHNC,Gradient Descent,true,0.015218394,6.162975822039155e-32,310,1158,1158,0.0,6.162975822039155e-32,2.220446049250313e-16
DENSCHNC,Nelder-Mead,true,0.001519472,0.18336165467793433,70,77,0,0.0,0.18336165467793433,0.9999999978014009
DENSCHNC,Particle Swarm,false,0.007883601,0.0,1001,4004,0,0.0,0.0,0.0
DENSCHNC,Simulated Annealing,false,0.001596702,0.004873857242056166,1000,1001,0,0.0,0.004873857242056166,0.03349889422814023
DENSCHND,Accelerated Gradient Descent,true,0.00020044,8.273112097450532e8,3,43,43,4.5593823380566514e-60,8.273112097450532e8,12.984857470291157
DENSCHND,BFGS,true,0.002537701,4.901263497666321e-25,213,866,866,4.5593823380566514e-60,4.901263497666321e-25,0.003999389196030061
DENSCHND,L-BFGS,true,0.00237763,1.9821407464359315e-24,174,724,724,4.5593823380566514e-60,1.9821407464359315e-24,0.004616757099576805
DENSCHND,Momentum Gradient Descent,true,0.005489752,6.68348108438645e-20,327,1140,813,4.5593823380566514e-60,6.68348108438645e-20,0.013090647643219037
DENSCHND,Conjugate Gradient,false,0.016298603,3.138861788790605e-10,1000,3544,3544,4.5593823380566514e-60,3.138861788790605e-10,0.026065161284151293
DENSCHND,Gradient Descent,false,0.018907387,8.471056019220295e-15,1000,4400,4400,4.5593823380566514e-60,8.471056019220295e-15,0.04222550912266849
DENSCHND,Nelder-Mead,true,0.001202152,5.266555176513144e-17,146,188,0,4.5593823380566514e-60,5.266555176513144e-17,0.00011996471961284122
DENSCHND,Particle Swarm,false,0.003753638,4.5593823380566514e-60,1001,4004,0,4.5593823380566514e-60,0.0,0.0
DENSCHND,Simulated Annealing,false,0.000891478,4.09260366249495e-5,1000,1001,0,4.5593823380566514e-60,4.09260366249495e-5,0.052952172731578505
DENSCHNE,Accelerated Gradient Descent,true,0.000100418,26.01208305449042,4,19,19,1.6651528671514056e-149,26.01208305449042,7.99948914126021
DENSCHNE,BFGS,true,0.000425137,9.966227139192762e-40,17,88,88,1.6651528671514056e-149,9.966227139192762e-40,4.0325002344340296e-17
DENSCHNE,L-BFGS,true,0.000552878,3.72907081223417e-46,17,88,88,1.6651528671514056e-149,3.72907081223417e-46,2.6931408063444546e-18
DENSCHNE,Momentum Gradient Descent,true,0.000397849,6.104067805253788e-35,16,76,60,1.6651528671514056e-149,6.104067805253788e-35,9.209737602352903e-17
DENSCHNE,Conjugate Gradient,true,0.000348909,4.5731429415232175e-49,12,72,72,1.6651528671514056e-149,4.5731429415232175e-49,1.1976151335465455e-17
DENSCHNE,Gradient Descent,false,0.024739329,3.303280888779136e-8,1000,3581,3581,1.6651528671514056e-149,3.303280888779136e-8,0.00016016766346657618
DENSCHNE,Nelder-Mead,true,0.005984236,5.834682742813342e-17,454,615,0,1.6651528671514056e-149,5.834682742813342e-17,0.9999999983678138
DENSCHNE,Particle Swarm,false,0.006688176,1.6651528671514056e-149,1001,4004,0,1.6651528671514056e-149,0.0,0.0
DENSCHNE,Simulated Annealing,false,0.001738431,0.019492030295054297,1000,1001,0,1.6651528671514056e-149,0.019492030295054297,1.1017604445018185
DENSCHNF,Accelerated Gradient Descent,true,5.192e-5,221.8159708839735,4,16,16,0.0,221.8159708839735,0.8518392273737176
DENSCHNF,BFGS,true,0.000129061,0.0,10,41,41,0.0,0.0,0.0
DENSCHNF,L-BFGS,true,0.00012447,0.0,10,41,41,0.0,0.0,0.0
DENSCHNF,Momentum Gradient Descent,true,0.000132042,1.5192908393215678e-64,14,51,37,0.0,1.5192908393215678e-64,1.1102230246251565e-16
DENSCHNF,Conjugate Gradient,true,0.000321038,1.5192908393215678e-64,33,118,118,0.0,1.5192908393215678e-64,1.1102230246251565e-16
DENSCHNF,Gradient Descent,true,0.000470233,0.0,31,110,110,0.0,0.0,0.0
DENSCHNF,Nelder-Mead,true,0.000695609,2.5677554350403667e-17,80,99,0,0.0,2.5677554350403667e-17,3.358914257844958e-10
DENSCHNF,Particle Swarm,false,0.003887996,0.0,1001,4004,0,0.0,0.0,0.0
DENSCHNF,Simulated Annealing,false,0.001121451,0.25720825261387004,1000,1001,0,0.0,0.25720825261387004,0.03840119155771582
DJTL,Accelerated Gradient Descent,true,0.00013865,2.97383721039701e11,2,35,35,-8951.54472374743,2.973837299912457e11,7.934306027724114
DJTL,BFGS,false,0.016867567,-8760.447569412407,1000,4074,4074,-8951.54472374743,191.09715433502424,0.14741623069249044
DJTL,L-BFGS,true,0.007646663,-8951.544723747415,279,1763,1763,-8951.54472374743,1.6370904631912708e-11,1.5226412353186447e-9
DJTL,Momentum Gradient Descent,true,0.00387411,-8951.544723747427,152,997,845,-8951.54472374743,3.637978807091713e-12,1.5257854979466856e-9
DJTL,Conjugate Gradient,false,0.015724659,-8951.523250479673,1000,3710,3710,-8951.54472374743,0.02147326775775582,0.00023385784832385959
DJTL,Gradient Descent,true,0.00013815,1.4909619799372818e10,2,35,35,-8951.54472374743,1.4909628750917542e10,2.136173037808476
DJTL,Nelder-Mead,true,0.001396127,-8951.54472374743,144,178,0,-8951.54472374743,0.0,0.0
DJTL,Particle Swarm,false,0.005402761,-8593.037547968663,1001,4004,0,-8951.54472374743,358.5071757787682,0.28301073491651974
DJTL,Simulated Annealing,false,0.001482007,-8293.012444561262,1000,1001,0,-8951.54472374743,658.532279186169,0.5217981547915562
ENGVAL2,Accelerated Gradient Descent,true,0.000117525,776.6097168877566,4,21,21,0.0,776.6097168877566,1.6815849952941129
ENGVAL2,BFGS,true,0.000653141,0.0,28,114,114,0.0,0.0,0.0
ENGVAL2,L-BFGS,true,0.000699382,0.0,27,107,107,0.0,0.0,1.6898650352321533e-16
ENGVAL2,Momentum Gradient Descent,true,0.009393102,1.6340601756722708e-23,108,462,354,0.0,1.6340601756722708e-23,6.95510160669275e-12
ENGVAL2,Conjugate Gradient,false,0.009008476,0.03730196520107245,1000,3533,3533,0.0,0.03730196520107245,0.23683736203558028
ENGVAL2,Gradient Descent,false,0.010869329,0.0006976245294220612,1000,4200,4200,0.0,0.0006976245294220612,0.043615025693692466
ENGVAL2,Nelder-Mead,true,0.001641061,1.312977320111044e-16,197,246,0,0.0,1.312977320111044e-16,7.195532898693611e-9
ENGVAL2,Particle Swarm,false,0.00363856,0.0037010376110881457,1001,4004,0,0.0,0.0037010376110881457,0.09089852621990727
ENGVAL2,Simulated Annealing,false,0.000878945,0.650600229281625,1000,1001,0,0.0,0.650600229281625,0.15917964752042604
ERRINROS,Accelerated Gradient Descent,true,0.000279303,54015.52559720194,3,14,14,39.904153920126994,53975.62144328181,35.763048434893875
ERRINROS,BFGS,true,0.019049566,39.904153920127,237,870,870,39.904153920126994,7.105427357601002e-15,4.0357284802894355e-7
ERRINROS,L-BFGS,true,0.017062334,39.904153920126994,290,1068,1068,39.904153920126994,0.0,0.0
ERRINROS,Momentum Gradient Descent,false,0.025879535,39.94672838044527,1000,3006,2006,39.904153920126994,0.04257446031827783,12.085234709425457
ERRINROS,Conjugate Gradient,false,0.033807354,40.52830701305131,1000,3536,3536,39.904153920126994,0.6241530929243169,32.35064502181744
ERRINROS,Gradient Descent,false,0.041168463,40.559864490063305,1000,3581,3581,39.904153920126994,0.6557105699363106,32.6746638785073
ERRINROS,Nelder-Mead,false,0.012754049,33535.16400338627,1000,1166,0,39.904153920126994,33495.25984946614,36.76418637644394
ERRINROS,Particle Swarm,false,0.281527251,39.92510173462023,1001,51051,0,39.904153920126994,0.020947814493233352,8.76216577838752
ERRINROS,Simulated Annealing,false,0.002941653,110181.77599999998,1000,1001,0,39.904153920126994,110141.87184607986,35.76497582018924
ERRINRSM,Accelerated Gradient Descent,true,0.000159919,29173.19161601015,3,14,14,37.72990289773229,29135.461713112418,108.97282474730284
ERRINRSM,BFGS,true,0.019785096,37.72990289773229,336,1263,1263,37.72990289773229,0.0,0.0
ERRINRSM,L-BFGS,true,0.030144408,37.72990289773232,461,1778,1778,37.72990289773229,3.552713678800501e-14,1.4126464520813897e-5
ERRINRSM,Momentum Gradient Descent,false,0.029405523,37.77038639950679,1000,3325,2325,37.72990289773229,0.040483501774502884,34.764639920961315
ERRINRSM,Conjugate Gradient,false,0.038325273,38.75983466473381,1000,3550,3550,37.72990289773229,1.0299317670015213,107.1373578272376
ERRINRSM,Gradient Descent,false,0.040597366,38.750355466626154,1000,3557,3557,37.72990289773229,1.020452568893866,107.05499943608932
ERRINRSM,Nelder-Mead,false,0.013360408,20610.731366172047,1000,1246,0,37.72990289773229,20573.001463274315,110.04241069200475
ERRINRSM,Particle Swarm,false,0.346647349,37.90067720860244,1001,51051,0,37.72990289773229,0.17077431087015071,65.6414196535421
ERRINRSM,Simulated Annealing,false,0.003089299,152873.0724054592,1000,1001,0,37.72990289773229,152835.34250256149,108.9774237219224
EXPFIT,Accelerated Gradient Descent,true,4.7107e-5,37.72311068491655,2,9,9,0.2405105939990579,37.482600090917494,0.8227345490122214
EXPFIT,BFGS,true,0.000252562,0.24051059399905833,12,47,47,0.2405105939990579,4.440892098500626e-16,2.3802191884136903e-9
EXPFIT,L-BFGS,false,Inf,Inf,Inf,Inf,Inf,0.2405105939990579,Inf,Inf
EXPFIT,Momentum Gradient Descent,true,0.000228376,0.24051059399905836,16,60,44,0.2405105939990579,4.718447854656915e-16,2.5064118558404402e-9
EXPFIT,Conjugate Gradient,true,0.005865112,0.24051059399906105,358,1260,1260,0.2405105939990579,3.164135620181696e-15,1.562105689245641e-8
EXPFIT,Gradient Descent,true,0.003615208,0.2405105939990584,242,868,868,0.2405105939990579,4.996003610813204e-16,2.189027459298387e-9
EXPFIT,Nelder-Mead,true,0.000774274,0.24051059399905805,76,92,0,0.2405105939990579,1.6653345369377348e-16,2.522253517156514e-9
EXPFIT,Particle Swarm,false,0.01430421,0.2405105939990579,1001,4004,0,0.2405105939990579,0.0,0.0
EXPFIT,Simulated Annealing,false,0.00139558,0.31283002016555667,1000,1001,0,0.2405105939990579,0.07231942616649878,0.04216146372195184
GROWTHLS,Accelerated Gradient Descent,true,5.1967e-5,3542.14903046,1,4,4,1.0040405841046836,3541.1449898758956,1.3657233556818091e6
GROWTHLS,BFGS,true,8.5549e-5,3542.14903046,1,4,4,1.0040405841046836,3541.1449898758956,1.3657233556818091e6
GROWTHLS,L-BFGS,true,4.6167e-5,3542.14903046,1,4,4,1.0040405841046836,3541.1449898758956,1.3657233556818091e6
GROWTHLS,Momentum Gradient Descent,true,4.4709e-5,3542.14903046,1,4,3,1.0040405841046836,3541.1449898758956,136572.50927577776
GROWTHLS,Conjugate Gradient,true,4.5546e-5,3542.14903046,1,4,4,1.0040405841046836,3541.1449898758956,1.3657233556818091e6
GROWTHLS,Gradient Descent,true,4.5614e-5,3542.14903046,1,4,4,1.0040405841046836,3541.1449898758956,1.3657233556818091e6
GROWTHLS,Nelder-Mead,false,0.020802982,1.0040405841046836,1000,1116,0,1.0040405841046836,0.0,0.0
GROWTHLS,Particle Swarm,false,0.011248276,3542.14903046,1001,4004,0,1.0040405841046836,3541.1449898758956,453.60980428339866
GROWTHLS,Simulated Annealing,false,0.002848908,16.85926985957788,1000,1001,0,1.0040405841046836,15.855229275473196,98.41113628610027
GULF,Accelerated Gradient Descent,true,0.002630896,17.426838658870217,2,19,19,9.415299737656956e-31,17.426838658870217,44.99191858319599
GULF,BFGS,true,0.020395162,1.57750514332328e-30,24,180,180,9.415299737656956e-31,6.359751695575844e-31,4.263256414560601e-14
GULF,L-BFGS,false,0.01891218,9.415299737656956e-31,25,183,183,9.415299737656956e-31,0.0,0.0
GULF,Momentum Gradient Descent,true,0.228099401,3.397319767780989e-24,805,2718,1913,9.415299737656956e-31,3.3973188262510154e-24,6.150528975013003e-10
GULF,Conjugate Gradient,false,0.285311808,6.282058630394154,1000,3543,3543,9.415299737656956e-31,6.282058630394154,43.38273212010989
GULF,Gradient Descent,false,0.281506803,6.232826900237137,1000,3515,3515,9.415299737656956e-31,6.232826900237137,43.12180158399983
GULF,Nelder-Mead,true,0.014280544,9.131671055176076e-17,258,337,0,9.415299737656956e-31,9.131671055175982e-17,6.793730307208534e-7
GULF,Particle Swarm,false,0.10525476,0.017678852106686595,1001,4004,0,9.415299737656956e-31,0.017678852106686595,27.048952201828282
GULF,Simulated Annealing,false,0.026155184,1.3934041232194763,1000,1001,0,9.415299737656956e-31,1.3934041232194763,27.819488055936095
HAIRY,Accelerated Gradient Descent,true,6.3063e-5,806.8089194490619,2,19,19,20.0,786.8089194490619,7.974865646498944
HAIRY,BFGS,true,0.000400335,20.0,27,139,139,20.0,0.0,0.0
HAIRY,L-BFGS,true,0.000404031,20.0,26,137,137,20.0,0.0,2.961198025313573e-20
HAIRY,Momentum Gradient Descent,true,0.000274008,20.0,25,101,76,20.0,0.0,2.844588032293746e-10
HAIRY,Conjugate Gradient,true,0.000682537,20.0,71,271,271,20.0,0.0,2.0129485488523987e-9
HAIRY,Gradient Descent,true,0.000500534,20.0,49,196,196,20.0,0.0,6.775221251068313e-10
HAIRY,Nelder-Mead,true,0.000809592,20.0,88,105,0,20.0,0.0,2.506433341140483e-9
HAIRY,Particle Swarm,false,0.003461538,20.0,1001,4004,0,20.0,0.0,2.275978898694727e-9
HAIRY,Simulated Annealing,false,0.001957135,22.919532223968872,1000,1001,0,20.0,2.919532223968872,0.09247200291865909
HATFLDD,Accelerated Gradient Descent,true,5.6062e-5,40.872706845599325,2,8,8,6.615113918640554e-8,40.87270677944819,2.5020933311810816
HATFLDD,BFGS,true,0.000383511,6.615113918649496e-8,17,66,66,6.615113918640554e-8,8.941491549453208e-20,1.609823385706477e-14
HATFLDD,L-BFGS,true,0.000419397,6.615113918640554e-8,18,70,70,6.615113918640554e-8,0.0,0.0
HATFLDD,Momentum Gradient Descent,true,0.002901914,2.546894618423004e-7,132,451,319,6.615113918640554e-8,1.8853832265589485e-7,0.8772450904783593
HATFLDD,Conjugate Gradient,false,0.018329184,1.6662497893392192e-5,1000,3501,3501,6.615113918640554e-8,1.6596346754205788e-5,0.2529576451088542
HATFLDD,Gradient Descent,false,0.020726645,1.6951710544552417e-7,1000,3973,3973,6.615113918640554e-8,1.0336596625911862e-7,0.013205380297649394
HATFLDD,Nelder-Mead,true,0.00218731,6.615113927124128e-8,230,291,0,6.615113918640554e-8,8.483573626766712e-17,4.202959713595078e-8
HATFLDD,Particle Swarm,false,0.013787756,0.005118893909160818,1001,4004,0,6.615113918640554e-8,0.005118827758021632,0.9905565508122757
HATFLDD,Simulated Annealing,false,0.001823292,0.00671472764791389,1000,1001,0,6.615113918640554e-8,0.006714661496774704,0.15714955763074556
HATFLDE,Accelerated Gradient Descent,true,0.000126087,33.54089256402678,2,11,11,5.120376936624939e-7,33.54089205198908,1.9776126363637918
HATFLDE,BFGS,true,0.000984348,5.120376936624939e-7,24,102,102,5.120376936624939e-7,0.0,0.0
HATFLDE,L-BFGS,true,0.001232765,5.120376936627471e-7,24,103,103,5.120376936624939e-7,2.532628512290358e-19,4.6629367034256575e-15
HATFLDE,Momentum Gradient Descent,true,0.003136762,2.728741976986126e-6,70,252,182,5.120376936624939e-7,2.216704283323632e-6,0.9926787272177653
HATFLDE,Conjugate Gradient,false,0.038838175,3.697760910402867e-5,1000,4003,4003,5.120376936624939e-7,3.646557141036618e-5,0.1217975549094521
HATFLDE,Gradient Descent,false,0.040209396,2.8643494224594635e-6,1000,3935,3935,5.120376936624939e-7,2.3523117287969696e-6,0.02656748528979358
HATFLDE,Nelder-Mead,true,0.002803864,5.120376937763905e-7,202,252,0,5.120376936624939e-7,1.1389660288990472e-16,7.09787737473988e-8
HATFLDE,Particle Swarm,false,0.013015596,0.03875352304416285,1001,4004,0,5.120376936624939e-7,0.03875301100646919,1.0135328245816373
HATFLDE,Simulated Annealing,false,0.003172595,0.008773502723270151,1000,1001,0,5.120376936624939e-7,0.00877299068557649,0.5061823664483864
HATFLDFL,Accelerated Gradient Descent,true,6.1354e-5,0.0007691545375752123,3,13,13,6.017372978582792e-5,0.0007089808077893843,1006.6786239073051
HATFLDFL,BFGS,false,0.012635942,6.017372978582792e-5,1000,4297,4297,6.017372978582792e-5,0.0,0.0
HATFLDFL,L-BFGS,false,0.014623957,6.0174399923421064e-5,1000,4488,4488,6.017372978582792e-5,6.701375931426955e-10,88.1840558219343
HATFLDFL,Momentum Gradient Descent,true,0.002878918,6.085211368588657e-5,243,1011,768,6.017372978582792e-5,6.7838390005865e-7,997.416086858281
HATFLDFL,Conjugate Gradient,false,0.018719082,6.657390032980828e-5,1000,3504,3504,6.017372978582792e-5,6.400170543980359e-6,1006.6767841297266
HATFLDFL,Gradient Descent,false,0.010795196,6.655649501304618e-5,1000,3752,3752,6.017372978582792e-5,6.382765227218262e-6,1006.6737607502401
HATFLDFL,Nelder-Mead,false,0.007272501,6.0454911591646164e-5,1000,1457,0,6.017372978582792e-5,2.8118180581824306e-7,983.0603166561175
HATFLDFL,Particle Swarm,false,0.004082592,0.00027423771943827717,1001,4004,0,6.017372978582792e-5,0.00021406398965244925,1006.6633846905676
HATFLDFL,Simulated Annealing,false,0.001001188,0.0009441980441599989,1000,1001,0,6.017372978582792e-5,0.000884024314374171,1006.6786294337181
HEART6LS,Accelerated Gradient Descent,true,0.000118664,595.8472120100598,3,17,17,8.932155851220436e-28,595.8472120100598,20.790460997696712
HEART6LS,BFGS,false,0.031516818,6.545822071201079,1000,4117,4117,8.932155851220436e-28,6.545822071201079,19.07944389006839
HEART6LS,L-BFGS,false,0.021010485,8.932155851220436e-28,598,4029,4029,8.932155851220436e-28,0.0,0.0
HEART6LS,Momentum Gradient Descent,false,0.013845659,1.3481083105796978,1000,3029,2029,8.932155851220436e-28,1.3481083105796978,20.183417866292583
HEART6LS,Conjugate Gradient,false,0.017367853,5.950534465317631,1000,3516,3516,8.932155851220436e-28,5.950534465317631,21.90402991109222
HEART6LS,Gradient Descent,false,0.0212789,0.44318590583120104,1000,4164,4164,8.932155851220436e-28,0.44318590583120104,22.318416520389018
HEART6LS,Nelder-Mead,false,0.009548553,0.32627049258683727,1000,1335,0,8.932155851220436e-28,0.32627049258683727,20.816735194008626
HEART6LS,Particle Swarm,false,0.010670719,12.180014518861887,1001,7007,0,8.932155851220436e-28,12.180014518861887,21.403380170880588
HEART6LS,Simulated Annealing,false,0.001528015,39.28946382587409,1000,1001,0,8.932155851220436e-28,39.28946382587409,18.028904494358745
HEART8LS,Accelerated Gradient Descent,true,0.000145771,145.78529358298545,2,20,20,7.056607316234832e-31,145.78529358298545,2.4808317444030563
HEART8LS,BFGS,true,0.00882268,1.9629077993194708e-30,395,1587,1587,7.056607316234832e-31,1.2572470676959876e-30,1.1102230246251565e-15
HEART8LS,L-BFGS,false,0.009118332,7.056607316234832e-31,320,1558,1558,7.056607316234832e-31,0.0,0.0
HEART8LS,Momentum Gradient Descent,false,0.013747185,0.4512730990787924,1000,3018,2018,7.056607316234832e-31,0.4512730990787924,5.2256668298388815
HEART8LS,Conjugate Gradient,false,0.01781494,1.3996382349705514,1000,3513,3513,7.056607316234832e-31,1.3996382349705514,4.343756925355068
HEART8LS,Gradient Descent,false,0.022729231,1.181197470868693,1000,4318,4318,7.056607316234832e-31,1.181197470868693,4.231023263425543
HEART8LS,Nelder-Mead,false,0.010168772,1.406565233152491,1000,1278,0,7.056607316234832e-31,1.406565233152491,8.559698485205901
HEART8LS,Particle Swarm,false,0.014531436,2.1160020904104107,1001,9009,0,7.056607316234832e-31,2.1160020904104107,4.253276202569172
HEART8LS,Simulated Annealing,false,0.001485433,103.83778719798426,1000,1001,0,7.056607316234832e-31,103.83778719798426,4.766530330616493
HELIX,Accelerated Gradient Descent,true,4.0849e-5,821.072104067769,2,9,9,1.1548645165314836e-46,821.072104067769,1.2550281943263166
HELIX,BFGS,true,0.000375725,2.039620368123425e-35,25,101,101,1.1548645165314836e-46,2.0396203681118762e-35,4.0919248875807335e-18
HELIX,L-BFGS,true,0.000323448,1.1548645165314836e-46,25,99,99,1.1548645165314836e-46,0.0,0.0
HELIX,Momentum Gradient Descent,false,Inf,Inf,Inf,Inf,Inf,1.1548645165314836e-46,Inf,Inf
HELIX,Conjugate Gradient,false,0.010054165,0.0006770685423328173,1000,3503,3503,1.1548645165314836e-46,0.0006770685423328173,0.026020331590082692
HELIX,Gradient Descent,false,0.019349498,4.115792295958774e-15,1000,3734,3734,1.1548645165314836e-46,4.115792295958774e-15,6.415344813951591e-8
HELIX,Nelder-Mead,true,0.001963835,2.6687971993946682e-17,189,233,0,1.1548645165314836e-46,2.6687971993946682e-17,1.6023114922002388e-9
HELIX,Particle Swarm,false,0.004171856,2.6161364127524624,1001,4004,0,1.1548645165314836e-46,2.6161364127524624,1.6164264894455223
HELIX,Simulated Annealing,false,0.001126472,2.00259613894229,1000,1001,0,1.1548645165314836e-46,2.00259613894229,0.10430329629101853
HIELOW,Accelerated Gradient Descent,true,0.033814675,1221.8938630676914,2,14,14,-Inf,Inf,2.9062673034135615
HIELOW,BFGS,true,0.130842246,874.1654321149662,13,62,62,-Inf,Inf,2.868301066388527
HIELOW,L-BFGS,true,0.116193483,874.1654321149662,12,57,57,-Inf,Inf,2.868301066388527
HIELOW,Momentum Gradient Descent,true,0.326578697,874.1654321149663,42,183,138,-Inf,Inf,2.868301066333099
HIELOW,Conjugate Gradient,false,7.529801693,874.9041946193057,1000,3522,3522,-Inf,Inf,2.8679655754792988
HIELOW,Gradient Descent,false,8.415244588,874.6940526497261,1000,3539,3539,-Inf,Inf,2.8680631412288102
HIELOW,Nelder-Mead,true,0.235423457,874.165432114965,312,373,0,-Inf,Inf,2.868301067595459
HIELOW,Particle Swarm,false,1.17942508,874.1654330943142,1001,4004,0,-Inf,Inf,2.8683009999602573
HIELOW,Simulated Annealing,false,0.262715516,-Inf,1000,1001,0,-Inf,NaN,0.0
HILBERTA,Accelerated Gradient Descent,true,6.7694e-5,16.47841503288295,2,9,9,1.2879664423604093e-106,16.47841503288295,4.592254519150213
HILBERTA,BFGS,true,0.000131238,1.9706215148202859e-60,3,12,12,1.2879664423604093e-106,1.9706215148202859e-60,5.5220263365470826e-30
HILBERTA,L-BFGS,true,8.9753e-5,4.148676860204781e-61,3,12,12,1.2879664423604093e-106,4.148676860204781e-61,1.5777218104420236e-30
HILBERTA,Momentum Gradient Descent,true,0.000101565,4.313707729343996e-50,4,14,10,1.2879664423604093e-106,4.313707729343996e-50,9.949997260861248e-25
HILBERTA,Conjugate Gradient,true,0.000355795,2.837015650423106e-35,15,60,60,1.2879664423604093e-106,2.837015650423106e-35,2.589061874580634e-17
HILBERTA,Gradient Descent,true,0.000928128,5.714284184894472e-34,47,184,184,1.2879664423604093e-106,5.714284184894472e-34,1.1709432758440484e-16
HILBERTA,Nelder-Mead,true,0.001325149,9.931479339505518e-18,64,72,0,1.2879664423604093e-106,9.931479339505518e-18,3.266392017873873e-8
HILBERTA,Particle Swarm,false,0.005420489,1.2879664423604093e-106,1001,4004,0,1.2879664423604093e-106,0.0,0.0
HILBERTA,Simulated Annealing,false,0.001760468,0.0010411527323854327,1000,1001,0,1.2879664423604093e-106,0.0010411527323854327,0.14358932636185479
HILBERTB,Accelerated Gradient Descent,true,0.000133835,799.7391800700977,2,8,8,4.7015428669475636e-60,799.7391800700977,4.364616884020181
HILBERTB,BFGS,true,0.000444884,3.549649675536772e-42,7,29,29,4.7015428669475636e-60,3.549649675536772e-42,4.838139939201706e-22
HILBERTB,L-BFGS,true,0.000424241,3.549649667649058e-42,7,29,29,4.7015428669475636e-60,3.549649667649058e-42,4.838139603196264e-22
HILBERTB,Momentum Gradient Descent,true,0.000245018,6.998889028756911e-35,6,20,14,4.7015428669475636e-60,6.998889028756911e-35,2.4147263612804778e-18
HILBERTB,Conjugate Gradient,true,0.000859893,2.2064338965776256e-35,16,57,57,4.7015428669475636e-60,2.2064338965776256e-35,1.3714777503473565e-18
HILBERTB,Gradient Descent,true,0.00098856,2.9226512254007626e-34,18,64,64,4.7015428669475636e-60,2.9226512254007626e-34,3.7033340660592435e-18
HILBERTB,Nelder-Mead,true,0.021597482,3.04168513551753e-16,847,929,0,4.7015428669475636e-60,3.04168513551753e-16,5.194400219198505e-9
HILBERTB,Particle Swarm,false,0.03160481,4.7015428669475636e-60,1001,11011,0,4.7015428669475636e-60,0.0,0.0
HILBERTB,Simulated Annealing,false,0.002307873,4.21524332556645,1000,1001,0,4.7015428669475636e-60,4.21524332556645,0.5875655972313818
HIMMELBB,Accelerated Gradient Descent,true,0.000126179,414900.30998307414,3,52,52,2.253845289741032e-55,414900.30998307414,1.5252976764180792
HIMMELBB,BFGS,false,Inf,Inf,Inf,Inf,Inf,2.253845289741032e-55,Inf,Inf
HIMMELBB,L-BFGS,false,0.000183082,4.571861376709592e-30,9,70,70,2.253845289741032e-55,4.571861376709592e-30,2.9026704701078874
HIMMELBB,Momentum Gradient Descent,true,0.000269775,2.253845289741032e-55,24,97,73,2.253845289741032e-55,0.0,0.0
HIMMELBB,Conjugate Gradient,true,0.000151791,7.456956922541816e-41,7,64,64,2.253845289741032e-55,7.456956922541794e-41,0.10083099580003718
HIMMELBB,Gradient Descent,true,0.000166982,5.1577632306862276e-14,8,69,69,2.253845289741032e-55,5.1577632306862276e-14,0.10028747887222622
HIMMELBB,Nelder-Mead,true,0.000531396,4.614362124301099e-19,43,51,0,2.253845289741032e-55,4.614362124301099e-19,0.09173415643298927
HIMMELBB,Particle Swarm,false,0.003869345,8.345709820939668e-32,1001,4004,0,2.253845289741032e-55,8.345709820939668e-32,1.799891861465201
HIMMELBB,Simulated Annealing,false,0.001753419,9.083653393974944e-11,1000,1001,0,2.253845289741032e-55,9.083653393974944e-11,0.9998996801524385
HIMMELBF,Accelerated Gradient Descent,true,5.3585e-5,31326.28420303815,2,10,10,318.57174879112245,31007.712454247026,207.58006161228832
HIMMELBF,BFGS,true,0.00030157,318.57174879112375,16,67,67,318.57174879112245,1.3073986337985843e-12,1.5508777323702816e-5
HIMMELBF,L-BFGS,true,0.000434459,318.57174879112387,16,67,67,318.57174879112245,1.4210854715202004e-12,1.550888146084617e-5
HIMMELBF,Momentum Gradient Descent,true,0.010553211,318.57174879191587,894,2848,1954,318.57174879112245,7.934204404591583e-10,0.005677376242601895
HIMMELBF,Conjugate Gradient,false,0.021492304,980.6434701404035,1000,3534,3534,318.57174879112245,662.071721349281,207.7445867199142
HIMMELBF,Gradient Descent,false,0.031274864,988.4485469336475,1000,3509,3509,318.57174879112245,669.8767981425251,207.73800128194625
HIMMELBF,Nelder-Mead,false,0.022881357,318.57174879112245,1000,1054,0,318.57174879112245,0.0,0.0
HIMMELBF,Particle Swarm,false,0.006473544,329.8952239476545,1001,5005,0,318.57174879112245,11.323475156532027,627.2128894852531
HIMMELBF,Simulated Annealing,false,0.001295163,923.5209370393178,1000,1001,0,318.57174879112245,604.9491882481954,199.1507014540921
HIMMELBG,Accelerated Gradient Descent,true,3.3444e-5,0.28255533180342757,2,7,7,3.2624847907371124e-194,0.28255533180342757,0.3797612432144591
HIMMELBG,BFGS,true,0.000135056,2.198698064068071e-37,9,36,36,3.2624847907371124e-194,2.198698064068071e-37,2.2862008580268268e-19
HIMMELBG,L-BFGS,true,0.000126891,2.1986980324034726e-37,9,36,36,3.2624847907371124e-194,2.1986980324034726e-37,2.2862008337930197e-19
HIMMELBG,Momentum Gradient Descent,true,0.000119566,9.093483872460596e-50,11,41,30,3.2624847907371124e-194,9.093483872460596e-50,1.960948466046128e-25
HIMMELBG,Conjugate Gradient,true,0.00025258,1.1916536747186585e-34,23,80,80,3.2624847907371124e-194,1.1916536747186585e-34,5.105004279170876e-18
HIMMELBG,Gradient Descent,true,0.000165429,1.2494079898634857e-34,17,59,59,3.2624847907371124e-194,1.2494079898634857e-34,5.184104504773923e-18
HIMMELBG,Nelder-Mead,true,0.000737007,3.3009392224934745e-17,64,71,0,3.2624847907371124e-194,3.3009392224934745e-17,2.7421654852121817e-9
HIMMELBG,Particle Swarm,false,0.003673263,3.2624847907371124e-194,1001,4004,0,3.2624847907371124e-194,0.0,0.0
HIMMELBG,Simulated Annealing,false,0.000995393,3.941601889722407e-21,1000,1001,0,3.2624847907371124e-194,3.941601889722407e-21,31.111701358515443
HIMMELBH,Accelerated Gradient Descent,true,9.899e-5,0.9445671726712914,4,15,15,-1.3584249783262031e7,1.3584250727829203e7,238.77123149872216
HIMMELBH,BFGS,true,0.000196648,-1.0,7,28,28,-1.3584249783262031e7,1.3584248783262031e7,239.60867319394674
HIMMELBH,L-BFGS,true,0.000161135,-1.0,7,28,28,-1.3584249783262031e7,1.3584248783262031e7,239.60867319394674
HIMMELBH,Momentum Gradient Descent,true,0.00018712,-0.9999999999999996,9,32,23,-1.3584249783262031e7,1.3584248783262031e7,239.60867319655475
HIMMELBH,Conjugate Gradient,true,0.000427332,-1.0,23,82,82,-1.3584249783262031e7,1.3584248783262031e7,239.60867319583986
HIMMELBH,Gradient Descent,true,0.000449003,-1.0,23,82,82,-1.3584249783262031e7,1.3584248783262031e7,239.60867319542552
HIMMELBH,Nelder-Mead,true,0.001511459,-1.0,73,88,0,-1.3584249783262031e7,1.3584248783262031e7,239.60867319164788
HIMMELBH,Particle Swarm,false,0.009755583,-1.0000000000000004,1001,4004,0,-1.3584249783262031e7,1.3584248783262031e7,239.6086731978447
HIMMELBH,Simulated Annealing,false,0.001919213,-1.3584249783262031e7,1000,1001,0,-1.3584249783262031e7,0.0,0.0
HUMPS,Accelerated Gradient Descent,true,8.4279e-5,31812.46845536563,2,9,9,4.568752411423228e-183,31812.46845536563,594.1036217060907
HUMPS,BFGS,true,0.003866896,1.342732586620518e-37,95,567,567,4.568752411423228e-183,1.342732586620518e-37,1.626909533649644e-18
HUMPS,L-BFGS,true,0.003609786,1.4515669308679697e-59,91,532,532,4.568752411423228e-183,1.4515669308679697e-59,1.6664686622793874e-29
HUMPS,Momentum Gradient Descent,true,0.003594936,1.0561848475099432e-44,118,556,438,4.568752411423228e-183,1.0561848475099432e-44,4.586221155066932e-22
HUMPS,Conjugate Gradient,false,0.012246429,0.00036116786534891673,1000,3645,3645,4.568752411423228e-183,0.00036116786534891673,0.08498873315247198
HUMPS,Gradient Descent,true,0.000110571,159.18891686978677,4,32,32,4.568752411423228e-183,159.18891686978677,53.30036810598799
HUMPS,Nelder-Mead,true,0.001296957,4.90438764638599e-17,138,188,0,4.568752411423228e-183,4.90438764638599e-17,1.6349494604339742e-8
HUMPS,Particle Swarm,false,0.004031963,4.568752411423228e-183,1001,4004,0,4.568752411423228e-183,0.0,0.0
HUMPS,Simulated Annealing,false,0.00109094,4444.732695371858,1000,1001,0,4.568752411423228e-183,4444.732695371858,212.1716539589562
HYDC20LS,Accelerated Gradient Descent,true,0.001619278,2.6200145769078556e8,2,18,18,0.7068446186750537,2.6200145698394093e8,83.94545170100224
HYDC20LS,BFGS,false,1.079788691,0.7068446186750537,1000,3577,3577,0.7068446186750537,0.0,0.0
HYDC20LS,L-BFGS,false,0.313293034,77.09615540289722,1000,3519,3519,0.7068446186750537,76.38931078422218,83.94568709900494
HYDC20LS,Momentum Gradient Descent,false,0.227251632,43.732959871722116,1000,3009,2009,0.7068446186750537,43.02611525304706,83.94565430363048
HYDC20LS,Conjugate Gradient,false,0.290781093,8100.016909299679,1000,3511,3511,0.7068446186750537,8099.310064681004,83.9456451855043
HYDC20LS,Gradient Descent,false,0.361110037,1085.9739328879257,1000,3725,3725,0.7068446186750537,1085.2670882692507,83.94562160876757
HYDC20LS,Nelder-Mead,false,0.058901547,3.496849845238665e7,1000,1117,0,0.7068446186750537,3.496849774554203e7,181.32413445833944
HYDC20LS,Particle Swarm,false,3.534329714,2.755775645037318e6,1001,100100,0,0.7068446186750537,2.7557749381926996e6,338.9945978709909
HYDC20LS,Simulated Annealing,false,0.024132191,1.3279084325601628e8,1000,1001,0,0.7068446186750537,1.3279084254917167e8,83.94542017661388
JENSMP,Accelerated Gradient Descent,true,3.752e-5,2020.0,1,4,4,124.36218235561478,1895.6378176443852,87402.00449556
JENSMP,BFGS,true,5.8878e-5,2020.0,1,4,4,124.36218235561478,1895.6378176443852,87402.00449556
JENSMP,L-BFGS,true,3.3165e-5,2020.0,1,4,4,124.36218235561478,1895.6378176443852,87402.00449556
JENSMP,Momentum Gradient Descent,true,3.3912e-5,2020.0,1,4,3,124.36218235561478,1895.6378176443852,8740.083198414633
JENSMP,Conjugate Gradient,true,3.1271e-5,2020.0,1,4,4,124.36218235561478,1895.6378176443852,87402.00449556
JENSMP,Gradient Descent,true,3.2077e-5,2020.0,1,4,4,124.36218235561478,1895.6378176443852,87402.00449556
JENSMP,Nelder-Mead,false,0.026646696,124.3621823556148,1000,1010,0,124.36218235561478,2.842170943040401e-14,5.892631382842239e-10
JENSMP,Particle Swarm,false,0.014902901,124.36218235561478,1001,4004,0,124.36218235561478,0.0,0.0
JENSMP,Simulated Annealing,false,0.003521981,260.11437389149467,1000,1001,0,124.36218235561478,135.7521915358799,5.375816313266245
KOWOSB,Accelerated Gradient Descent,true,5.3313e-5,0.008420274907111202,2,9,9,0.00030780094673332043,0.008112473960377882,0.2811369402457468
KOWOSB,BFGS,true,0.000415055,0.00030780094673332043,20,86,86,0.00030780094673332043,0.0,0.0
KOWOSB,L-BFGS,true,0.000405193,0.0003078009467333212,19,82,82,0.00030780094673332043,7.589415207398531e-19,1.1087242235419126e-12
KOWOSB,Momentum Gradient Descent,true,0.001486273,0.00030780094673332374,86,297,211,0.00030780094673332043,3.3068166260807885e-18,2.703890661370778e-8
KOWOSB,Conjugate Gradient,false,0.016665693,0.0003648980277218855,1000,3590,3590,0.00030780094673332043,5.709708098856507e-5,0.266783696897659
KOWOSB,Gradient Descent,false,0.026106877,0.0003080877303878935,1000,4357,4357,0.00030780094673332043,2.867836545730946e-7,0.01276821447831944
KOWOSB,Nelder-Mead,true,0.00320031,0.0003078009467333728,214,251,0,0.00030780094673332043,5.2366964931049864e-17,6.989698880799367e-8
KOWOSB,Particle Swarm,false,0.02087147,0.0003079256321637185,1001,5005,0,0.00030780094673332043,1.2468543039809588e-7,0.007490191822728587
KOWOSB,Simulated Annealing,false,0.002162949,0.003820519237335246,1000,1001,0,0.00030780094673332043,0.003512718290601926,11.352966136150773
LOGHAIRY,Accelerated Gradient Descent,true,0.000103684,7.069246808014483,2,26,26,0.1823215567939546,6.886925251220528,1174.261736191041
LOGHAIRY,BFGS,true,0.001689004,0.1823215567939546,52,471,471,0.1823215567939546,0.0,0.0
LOGHAIRY,L-BFGS,true,0.00160404,0.1823215567939546,47,422,422,0.1823215567939546,0.0,1.3888120859573074e-18
LOGHAIRY,Momentum Gradient Descent,true,0.003062295,0.1823215567939546,88,438,350,0.1823215567939546,0.0,5.722848107451354e-10
LOGHAIRY,Conjugate Gradient,true,0.001663101,0.1823215567939546,59,274,274,0.1823215567939546,0.0,2.9662643920532897e-9
LOGHAIRY,Gradient Descent,true,0.000633112,0.20278145829023625,12,97,97,0.1823215567939546,0.020459901496281657,0.030293260947047394
LOGHAIRY,Nelder-Mead,true,0.002356212,0.1823215567939548,94,106,0,0.1823215567939546,1.942890293094024e-16,2.5647157685717943e-9
LOGHAIRY,Particle Swarm,false,0.008436386,0.1823215567939546,1001,4004,0,0.1823215567939546,0.0,4.399799035717522e-9
LOGHAIRY,Simulated Annealing,false,0.002476878,6.507219288431389,1000,1001,0,0.1823215567939546,6.324897731637434,668.8332079909738
MANCINO,Accelerated Gradient Descent,true,0.046890921,1.7138477112948013e12,2,7,7,8.733791344402544e-22,1.7138477112948013e12,247.97761853480824
MANCINO,BFGS,true,2.84986332,4.3263535224142985e-17,36,378,378,8.733791344402544e-22,4.3262661845008545e-17,2.169875390478637e-12
MANCINO,L-BFGS,true,1.799554957,5.426187727640396e-17,32,347,347,8.733791344402544e-22,5.426100389726952e-17,1.2505552149377763e-12
MANCINO,Momentum Gradient Descent,true,0.557022231,9.42227380151089e-22,14,108,94,8.733791344402544e-22,6.884824571083452e-23,1.4210854715202004e-14
MANCINO,Conjugate Gradient,true,1.632176008,8.733791344402544e-22,20,278,278,8.733791344402544e-22,0.0,0.0
MANCINO,Gradient Descent,true,2.284255464,1.0531388505315603e-21,24,404,404,8.733791344402544e-22,1.7975971609130588e-22,1.4210854715202004e-14
MANCINO,Nelder-Mead,false,2.537552775,7.562627257963347e11,1000,1478,0,8.733791344402544e-22,7.562627257963347e11,127.15960897300465
MANCINO,Particle Swarm,false,172.261905065,898689.8236537693,1001,101101,0,8.733791344402544e-22,898689.8236537693,0.3088626918692867
MANCINO,Simulated Annealing,false,1.798663062,3.078524070691075e11,1000,1001,0,8.733791344402544e-22,3.078524070691075e11,107.35625652196128
MARATOSB,Accelerated Gradient Descent,true,5.8022e-5,54496.72206176842,2,9,9,-1.0000000624999923,54497.72206183092,2.1060438720487675
MARATOSB,BFGS,true,0.015669873,-1.0000000624999923,982,4491,4491,-1.0000000624999923,0.0,0.0
MARATOSB,L-BFGS,true,0.017592874,-1.0000000624999923,984,4499,4499,-1.0000000624999923,0.0,3.54546311916703e-14
MARATOSB,Momentum Gradient Descent,true,0.02257379,-1.0000000624999923,934,4330,3396,-1.0000000624999923,0.0,1.2528974687283436e-9
MARATOSB,Conjugate Gradient,false,0.01178781,0.9958610274804108,1000,4501,4501,-1.0000000624999923,1.9958610899804032,1.9958611442644227
MARATOSB,Gradient Descent,false,0.010290554,0.9939435846901147,1000,4115,4115,-1.0000000624999923,1.993943647190107,1.9939435187783805
MARATOSB,Nelder-Mead,false,0.006293914,0.3894375816714087,1000,1545,0,-1.0000000624999923,1.389437644171401,1.389437345120521
MARATOSB,Particle Swarm,false,0.004908354,0.957682104049857,1001,4004,0,-1.0000000624999923,1.9576821665498492,1.9576821674850753
MARATOSB,Simulated Annealing,false,0.008546672,0.7821343186162779,1000,1001,0,-1.0000000624999923,1.7821343811162702,1.0002160909505806
MEXHAT,Accelerated Gradient Descent,true,0.000351699,102699.21773450651,4,66,66,-0.040010000000000004,102699.25774450651,0.014671759719773192
MEXHAT,BFGS,true,0.000403394,-0.040010000000000004,17,134,134,-0.040010000000000004,0.0,0.0
MEXHAT,L-BFGS,true,0.000851474,-0.040010000000000004,17,135,135,-0.040010000000000004,0.0,1.1102230246251565e-16
MEXHAT,Momentum Gradient Descent,true,0.000980037,-0.040010000000000004,33,177,144,-0.040010000000000004,0.0,0.0
MEXHAT,Conjugate Gradient,false,0.009878964,0.09519546185734556,1000,3595,3595,-0.040010000000000004,0.13520546185734555,0.006943392208910826
MEXHAT,Gradient Descent,false,0.017641482,-0.03555524155376928,1000,4249,4249,-0.040010000000000004,0.004454758446230722,0.014486900438776207
MEXHAT,Nelder-Mead,true,0.00110263,-0.04000999999999998,91,107,0,-0.040010000000000004,2.0816681711721685e-17,1.281773576167211e-10
MEXHAT,Particle Swarm,false,0.003863056,0.2746702023646846,1001,4004,0,-0.040010000000000004,0.3146802023646846,0.010502887428391228
MEXHAT,Simulated Annealing,false,0.000921115,28686.49069255778,1000,1001,0,-0.040010000000000004,28686.530702557782,0.5859840544863616
MEYER3,Accelerated Gradient Descent,true,0.00014303,2.6425709731933656e9,2,21,21,87.94585517078282,2.6425708852475104e9,2181.3463472015837
MEYER3,BFGS,true,0.013577549,87.94585517078282,318,1433,1433,87.94585517078282,0.0,0.0
MEYER3,L-BFGS,false,Inf,Inf,Inf,Inf,Inf,87.94585517078282,Inf,Inf
MEYER3,Momentum Gradient Descent,false,Inf,Inf,Inf,Inf,Inf,87.94585517078282,Inf,Inf
MEYER3,Conjugate Gradient,false,0.028299432,6.974082218946528e6,1000,4013,4013,87.94585517078282,6.973994273091357e6,2181.346471958362
MEYER3,Gradient Descent,true,0.000154204,7.144655315559894e6,2,21,21,87.94585517078282,7.144567369704723e6,2181.346344006523
MEYER3,Nelder-Mead,false,0.010344686,2358.2370169628116,1000,1435,0,87.94585517078282,2270.2911617920286,400.6731389513343
MEYER3,Particle Swarm,false,0.009851952,4.4411934123340584e7,1001,4004,0,87.94585517078282,4.4411846177485414e7,2410.613323643279
MEYER3,Simulated Annealing,false,0.002800982,6.875510241964239e6,1000,1001,0,87.94585517078282,6.875422296109068e6,2178.0112565048303
OSBORNEA,Accelerated Gradient Descent,true,0.000480312,0.3035788621684329,2,19,19,5.464894697482909e-5,0.30352421322145806,0.4646714052860761
OSBORNEA,BFGS,true,0.005280052,5.464894697482909e-5,47,210,210,5.464894697482909e-5,0.0,0.0
OSBORNEA,L-BFGS,true,0.003453818,5.464894697483246e-5,30,140,140,5.464894697482909e-5,3.3745792618611326e-18,1.0378364834195963e-12
OSBORNEA,Momentum Gradient Descent,false,0.059525257,7.617389125980232e-5,1000,3020,2018,5.464894697482909e-5,2.1524944284973232e-5,0.44408562569386545
OSBORNEA,Conjugate Gradient,false,0.053532204,0.00966547632216382,1000,3531,3531,5.464894697482909e-5,0.00961082737518899,0.4565070046520494
OSBORNEA,Gradient Descent,false,0.046083961,0.0036147898724834494,1000,3553,3553,5.464894697482909e-5,0.00356014092550862,0.4596180192641586
OSBORNEA,Nelder-Mead,true,0.006933984,5.4648946974981886e-5,514,634,0,5.464894697482909e-5,1.5279796742109775e-16,5.01409076703041e-7
OSBORNEA,Particle Swarm,false,0.023169944,8.950775757125481e-5,1001,6006,0,5.464894697482909e-5,3.485881059642573e-5,0.45005435218016854
OSBORNEA,Simulated Annealing,false,0.003889344,0.8790262935446401,1000,1001,0,5.464894697482909e-5,0.8789716445976653,0.4646871366127534
OSBORNEB,Accelerated Gradient Descent,true,0.000630987,6.917350026801934,2,8,8,0.040137736293547756,6.877212290508386,3.6348444463049647
OSBORNEB,BFGS,true,0.015182339,0.040137736293547756,49,186,186,0.040137736293547756,0.0,0.0
OSBORNEB,L-BFGS,true,0.022891132,0.040137736293547756,71,267,267,0.040137736293547756,0.0,8.345262259012998e-10
OSBORNEB,Momentum Gradient Descent,true,0.055905237,0.04013773629356679,372,1185,813,0.040137736293547756,1.9033385978417527e-14,2.2315514023318883e-6
OSBORNEB,Conjugate Gradient,false,0.160935355,0.2934590803982135,1000,3521,3521,0.040137736293547756,0.2533213441046657,2.9995894946576556
OSBORNEB,Gradient Descent,false,0.18133067,0.25595769771783466,1000,3562,3562,0.040137736293547756,0.21581996142428692,2.463102226613999
OSBORNEB,Nelder-Mead,false,0.028125773,0.04016504136901704,1000,1220,0,0.040137736293547756,2.7305075469281903e-5,0.03316726125944491
OSBORNEB,Particle Swarm,false,0.186572057,0.041063963112184174,1001,12012,0,0.040137736293547756,0.0009262268186364178,0.20618134346677586
OSBORNEB,Simulated Annealing,false,0.013574767,1.9136043255210633,1000,1001,0,0.040137736293547756,1.8734665892275155,5.742924687416018
OSCIPATH,Accelerated Gradient Descent,true,5.4712e-5,1.0000216184597643,2,9,9,0.9999604120624993,6.120639726503452e-5,1.255573323510341
OSCIPATH,BFGS,true,0.011157457,0.9999604120624993,580,2519,2519,0.9999604120624993,0.0,0.0
OSCIPATH,L-BFGS,false,0.019839438,0.999963162622352,1000,4299,4299,0.9999604120624993,2.7505598526600394e-6,0.46853615406836546
OSCIPATH,Momentum Gradient Descent,false,0.014470768,0.9999659948111705,1000,3006,2006,0.9999604120624993,5.58274867124009e-6,1.0846972275500084
OSCIPATH,Conjugate Gradient,false,0.022535757,0.9999666655190679,1000,3503,3503,0.9999604120624993,6.2534565685723464e-6,1.2555730353627443
OSCIPATH,Gradient Descent,false,0.027850209,0.9999666655170344,1000,3600,3600,0.9999604120624993,6.2534545350878545e-6,1.2555725023089201
OSCIPATH,Nelder-Mead,false,0.018088294,0.999966658101282,1000,1197,0,0.9999604120624993,6.246038782742325e-6,1.2523954535453725
OSCIPATH,Particle Swarm,false,0.022044016,0.9999666654066685,1001,11011,0,0.9999604120624993,6.253344169149244e-6,1.2555435684279659
OSCIPATH,Simulated Annealing,false,0.001148317,1.0,1000,1001,0,0.9999604120624993,3.958793750069578e-5,1.255573323510341
PALMER1C,Accelerated Gradient Descent,true,8.4662e-5,5.397026631322705e8,2,12,12,0.09760504811435071,5.397026630346655e8,165.3513324479875
PALMER1C,BFGS,true,0.000376014,0.09760504811435071,10,57,57,0.09760504811435071,0.0,0.0
PALMER1C,L-BFGS,true,0.00035093,0.09760504811446227,10,53,53,0.09760504811435071,1.1156353618702042e-13,9.237055564881302e-12
PALMER1C,Momentum Gradient Descent,false,0.030164666,517.3672870010248,1000,3061,2061,0.09760504811435071,517.2696819529104,150.69396533226046
PALMER1C,Conjugate Gradient,false,0.068617175,35144.15482574302,1000,5504,5504,0.09760504811435071,35144.05722069491,165.46492213227978
PALMER1C,Gradient Descent,true,0.000229598,39705.853890984225,4,19,19,0.09760504811435071,39705.75628593611,165.3564523420916
PALMER1C,Nelder-Mead,false,0.010854315,2037.196928567209,1000,1346,0,0.09760504811435071,2037.0993235190947,283.70881888740985
PALMER1C,Particle Swarm,false,0.019503376,1241.946734739992,1001,9009,0,0.09760504811435071,1241.8491296918778,140.6632565014655
PALMER1C,Simulated Annealing,false,0.0019692,74036.47836637177,1000,1001,0,0.09760504811435071,74036.38076132366,167.80868603912435
PALMER1D,Accelerated Gradient Descent,true,0.000201992,4.488202065818909e7,2,12,12,0.6526739849803359,4.4882020005515106e7,160.17743064236802
PALMER1D,BFGS,true,0.000661098,0.652673984980543,10,52,52,0.6526739849803359,2.070565940925917e-13,5.9401372709544376e-12
PALMER1D,L-BFGS,true,0.000614365,0.6526739849803359,10,50,50,0.6526739849803359,0.0,0.0
PALMER1D,Momentum Gradient Descent,false,0.03240441,27.874316981965524,1000,3071,2071,0.6526739849803359,27.22164299698519,98.40165517503176
PALMER1D,Conjugate Gradient,false,0.049528985,34792.017793468454,1000,5002,5002,0.6526739849803359,34791.365119483475,160.28359161446969
PALMER1D,Gradient Descent,true,0.000135349,39017.19346303823,4,19,19,0.6526739849803359,39016.54078905325,160.18787575831198
PALMER1D,Nelder-Mead,false,0.011567685,9.168770688728555,1000,1347,0,0.6526739849803359,8.51609670374822,59.10845963390663
PALMER1D,Particle Swarm,false,0.017548986,2211.9102200428324,1001,8008,0,0.6526739849803359,2211.257546057852,129.1129716044509
PALMER1D,Simulated Annealing,false,0.001994587,36051.8489631089,1000,1001,0,0.6526739849803359,36051.19628912392,160.5007836789421
PALMER2C,Accelerated Gradient Descent,true,8.8215e-5,4.2035808604519665e7,2,12,12,0.01436888565772447,4.203580859015078e7,65.45076510601564
PALMER2C,BFGS,true,0.000294646,0.01436888565772447,10,52,52,0.01436888565772447,0.0,0.0
PALMER2C,L-BFGS,true,0.000297956,0.014368885657725207,11,56,56,0.01436888565772447,7.37257477290143e-16,3.886668764607748e-12
PALMER2C,Momentum Gradient Descent,false,0.017261557,2.1177773623705134,1000,3442,2442,0.01436888565772447,2.1034084767127887,67.68929386811985
PALMER2C,Conjugate Gradient,false,0.033461073,747.1969422274572,1000,5507,5507,0.01436888565772447,747.1825733417994,67.04637606912331
PALMER2C,Gradient Descent,true,0.000116689,1403.6859212656436,4,19,19,0.01436888565772447,1403.671552379986,65.4333303996288
PALMER2C,Nelder-Mead,false,0.010998187,13.925956814741292,1000,1341,0,0.01436888565772447,13.911587929083568,58.83682354898764
PALMER2C,Particle Swarm,false,0.021787683,448.498775676246,1001,9009,0,0.01436888565772447,448.48440679058825,54.99276348849296
PALMER2C,Simulated Annealing,false,0.001608273,2698.5503990913303,1000,1001,0,0.01436888565772447,2698.5360302056724,63.66158400904881
PALMER3C,Accelerated Gradient Descent,true,7.2464e-5,1.269306589745941e7,2,12,12,0.019537638953599633,1.2693065877921771e7,67.57247755122346
PALMER3C,BFGS,true,0.000326948,0.01953763895359997,12,60,60,0.019537638953599633,3.365363543395006e-16,4.291678123991005e-12
PALMER3C,L-BFGS,true,0.000294918,0.019537638953599633,11,56,56,0.019537638953599633,0.0,0.0
PALMER3C,Momentum Gradient Descent,false,0.016516335,2.4430024555545895,1000,3345,2345,0.019537638953599633,2.42346481660099,68.8672245633273
PALMER3C,Conjugate Gradient,false,0.02649628,173.0943110773808,1000,5501,5501,0.019537638953599633,173.0747734384272,68.42008028091351
PALMER3C,Gradient Descent,true,0.000107608,270.6827831343371,4,19,19,0.019537638953599633,270.66324549538353,67.56267951381561
PALMER3C,Nelder-Mead,false,0.009552387,16.865082759187494,1000,1358,0,0.019537638953599633,16.845545120233893,74.6998892738738
PALMER3C,Particle Swarm,false,0.024943459,43.7834344681293,1001,9009,0,0.019537638953599633,43.7638968291757,63.52729023725103
PALMER3C,Simulated Annealing,false,0.001762763,2320.305348222575,1000,1001,0,0.019537638953599633,2320.2858105836212,73.4856848079695
PALMER4C,Accelerated Gradient Descent,true,0.000127142,1.2649642556590728e7,2,12,12,0.050310686949325126,1.2649642506280042e7,96.72531891686553
PALMER4C,BFGS,true,0.000555993,0.05031068694933086,11,55,55,0.050310686949325126,5.731526364627371e-15,8.739675649849232e-12
PALMER4C,L-BFGS,true,0.000736597,0.050310686949325126,12,60,60,0.050310686949325126,0.0,0.0
PALMER4C,Momentum Gradient Descent,false,0.027526685,0.4739665103188088,1000,3315,2315,0.050310686949325126,0.4236558233694837,94.83729715765372
PALMER4C,Conjugate Gradient,false,0.04213984,197.45626011068654,1000,5501,5501,0.050310686949325126,197.4059494237372,96.93467384446241
PALMER4C,Gradient Descent,true,0.000205218,259.06589895475275,4,19,19,0.050310686949325126,259.0155882678034,96.72904618840283
PALMER4C,Nelder-Mead,false,0.015519807,4.64612110401051,1000,1339,0,0.050310686949325126,4.595810417061185,90.75763707458195
PALMER4C,Particle Swarm,false,0.027549574,80.78164998624909,1001,9009,0,0.050310686949325126,80.73133929929976,90.53834122606888
PALMER4C,Simulated Annealing,false,0.002978056,1346.4100360203552,1000,1001,0,0.050310686949325126,1346.3597253334058,93.40610678815554
PALMER5C,Accelerated Gradient Descent,true,4.4068e-5,42588.14468434789,2,8,8,2.1280866434545063,42586.01659770444,51.69127487468111
PALMER5C,BFGS,true,0.000139697,2.128086643454524,7,27,27,2.1280866434545063,1.7763568394002505e-14,2.4128549824808943e-8
PALMER5C,L-BFGS,true,0.000114609,2.128086643454524,7,27,27,2.1280866434545063,1.7763568394002505e-14,2.4128549824808943e-8
PALMER5C,Momentum Gradient Descent,true,9.8181e-5,2.128086643454523,7,25,18,2.1280866434545063,1.687538997430238e-14,2.4128639308784727e-8
PALMER5C,Conjugate Gradient,true,0.001709672,2.1280866434545422,82,288,288,2.1280866434545063,3.597122599785507e-14,4.0409019741449725e-8
PALMER5C,Gradient Descent,true,0.001011179,2.12808664345454,75,263,263,2.1280866434545063,3.375077994860476e-14,3.672075052363333e-8
PALMER5C,Nelder-Mead,false,0.014923381,2.1280866434545063,1000,1093,0,2.1280866434545063,0.0,0.0
PALMER5C,Particle Swarm,false,0.009871455,2.1280866434547105,1001,7007,0,2.1280866434545063,2.042810365310288e-13,2.2555543810476308e-7
PALMER5C,Simulated Annealing,false,0.001237708,5.219412916503336,1000,1001,0,2.1280866434545063,3.0913262730488293,0.6120488164266082
PALMER6C,Accelerated Gradient Descent,true,0.000102448,1.2064050884162907e6,2,12,12,0.016387437836489056,1.2064050720288528e6,154.9297259775042
PALMER6C,BFGS,true,0.000458781,0.016387437836489056,10,52,52,0.016387437836489056,0.0,0.0
PALMER6C,L-BFGS,true,0.000429766,0.016387437836490715,10,52,52,0.016387437836489056,1.6583956430338276e-15,7.673861546209082e-12
PALMER6C,Momentum Gradient Descent,false,0.0241927,0.6877181670590609,1000,3386,2386,0.016387437836489056,0.6713307292225718,167.68576806061435
PALMER6C,Conjugate Gradient,false,0.026233391,185.56929793141694,1000,4500,4500,0.016387437836489056,185.55291049358044,155.00009437758777
PALMER6C,Gradient Descent,true,0.000105966,276.37936240002733,2,12,12,0.016387437836489056,276.36297496219083,155.03064266278648
PALMER6C,Nelder-Mead,false,0.016784498,0.8056049241543921,1000,1333,0,0.016387437836489056,0.789217486317903,160.6891204453163
PALMER6C,Particle Swarm,false,0.013315967,43.611860270988664,1001,9009,0,0.016387437836489056,43.59547283315217,155.99084637319388
PALMER6C,Simulated Annealing,false,0.001313576,255.37080861077087,1000,1001,0,0.016387437836489056,255.35442117293437,152.94410068698093
PALMER7C,Accelerated Gradient Descent,true,7.3289e-5,5.00787712255652e6,2,12,12,0.6019871954751776,5.0078765205693245e6,717.2704110218427
PALMER7C,BFGS,true,0.000254414,0.6019871954751776,12,57,57,0.6019871954751776,0.0,0.0
PALMER7C,L-BFGS,true,0.000361718,0.6019871954754094,11,53,53,0.6019871954751776,2.3170354523927017e-13,4.160938260611147e-11
PALMER7C,Momentum Gradient Descent,false,0.015650466,4.819878912687805,1000,3447,2447,0.6019871954751776,4.217891717212628,691.9899350600193
PALMER7C,Conjugate Gradient,false,0.019043793,276.55835593046146,1000,4002,4002,0.6019871954751776,275.95636873498626,717.2979397958343
PALMER7C,Gradient Descent,true,0.000129083,624.3524538055426,2,12,12,0.6019871954751776,623.7504666100674,717.3693574238422
PALMER7C,Nelder-Mead,false,0.013847156,20.812455277270715,1000,1337,0,0.6019871954751776,20.210468081795536,717.513753481031
PALMER7C,Particle Swarm,false,0.021297528,52.33701079203556,1001,9009,0,0.6019871954751776,51.73502359656038,720.8656520049251
PALMER7C,Simulated Annealing,false,0.001344568,481.0939912227425,1000,1001,0,0.6019871954751776,480.4920040272673,723.5470487746836
PALMER8C,Accelerated Gradient Descent,true,5.5484e-5,1.3287831027518893e6,2,12,12,0.15976783349639997,1.3287829429840557e6,238.58079948270014
PALMER8C,BFGS,true,0.000215562,0.1597678334964123,10,51,51,0.15976783349639997,1.2323475573339238e-14,9.72022462519817e-12
PALMER8C,L-BFGS,true,0.000205916,0.15976783349639997,10,50,50,0.15976783349639997,0.0,0.0
PALMER8C,Momentum Gradient Descent,false,0.017917928,10.632311696314737,1000,3401,2401,0.15976783349639997,10.472543862818338,248.18100569434054
PALMER8C,Conjugate Gradient,false,0.014075438,136.89613393101098,1000,4004,4004,0.15976783349639997,136.73636609751458,238.75324030815318
PALMER8C,Gradient Descent,false,0.02451882,27.641439491498584,1000,4380,4380,0.15976783349639997,27.481671658002185,241.48688849158788
PALMER8C,Nelder-Mead,false,0.012404311,20.776842797849802,1000,1384,0,0.15976783349639997,20.617074964353403,248.3792465761565
PALMER8C,Particle Swarm,false,0.012662235,63.13369446706462,1001,9009,0,0.15976783349639997,62.97392663356822,241.42395227767986
PALMER8C,Simulated Annealing,false,0.001316669,467.26494005736646,1000,1001,0,0.15976783349639997,467.10517222387006,238.1979634205649
PARKCH,Accelerated Gradient Descent,true,0.564589012,2212.6035924204434,2,15,15,1623.7432582173296,588.8603342031138,2.039941113953312
PARKCH,BFGS,true,6.254658583,1623.7432582173296,35,146,146,1623.7432582173296,0.0,0.0
PARKCH,L-BFGS,true,60.967098711,1623.7432582211493,375,1490,1490,1623.7432582173296,3.819650373770855e-9,3.206228230112629e-5
PARKCH,Momentum Gradient Descent,false,87.438419874,1623.7433740159647,1000,3280,2276,1623.7432582173296,0.0001157986350790452,0.007008885780387608
PARKCH,Conjugate Gradient,false,134.606782325,2063.710780807856,1000,3522,3522,1623.7432582173296,439.9675225905262,2.0375338512842265
PARKCH,Gradient Descent,false,135.921742832,2064.4476979453343,1000,3520,3520,1623.7432582173296,440.7044397280047,2.0375752591262546
PARKCH,Nelder-Mead,false,1.150547749,1704.5312663859474,1000,1272,0,1623.7432582173296,80.78800816861781,2.8901163824557954
PARKCH,Particle Swarm,false,13.553786843,1623.7432582173296,1001,16016,0,1623.7432582173296,0.0,8.811024656552036e-7
PARKCH,Simulated Annealing,false,0.583014377,2150.126124609194,1000,1001,0,1623.7432582173296,526.3828663918644,2.0399421061835317
ROSENBR,Accelerated Gradient Descent,true,4.464e-5,24.640701814497213,2,9,9,0.0,24.640701814497213,2.2017074444808338
ROSENBR,BFGS,true,0.000593965,0.0,28,120,120,0.0,0.0,0.0
ROSENBR,L-BFGS,true,0.000317501,0.0,28,121,121,0.0,0.0,0.0
ROSENBR,Momentum Gradient Descent,true,0.000886806,4.930380657631324e-30,43,221,178,0.0,4.930380657631324e-30,4.440892098500626e-15
ROSENBR,Conjugate Gradient,false,0.009396664,0.0028815829465872835,1000,3563,3563,0.0,0.0028815829465872835,0.10460587096529816
ROSENBR,Gradient Descent,false,0.009340734,2.893569767934816e-18,1000,4110,4110,0.0,2.893569767934816e-18,3.3864783199888393e-9
ROSENBR,Nelder-Mead,true,0.000834938,3.004023699456316e-17,106,138,0,0.0,3.004023699456316e-17,7.317262573636185e-9
ROSENBR,Particle Swarm,false,0.003080695,0.12259157883241441,1001,4004,0,0.0,0.12259157883241441,0.5785649646607518
ROSENBR,Simulated Annealing,false,0.000769031,0.02315947504024532,1000,1001,0,0.0,0.02315947504024532,0.02516486076521629
S308,Accelerated Gradient Descent,true,0.00010908,1.775861485989441,7,33,33,0.7731990564929236,1.0026624294965174,1.615931643919601
S308,BFGS,true,0.00015962,0.7731990564929239,11,44,44,0.7731990564929236,2.220446049250313e-16,1.389127549109412
S308,L-BFGS,true,0.000142578,0.7731990564929239,11,44,44,0.7731990564929236,2.220446049250313e-16,1.389127549109412
S308,Momentum Gradient Descent,true,0.000116658,0.7731990564929238,12,41,29,0.7731990564929236,1.1102230246251565e-16,1.3891275491094128
S308,Conjugate Gradient,true,0.000201378,0.7731990564929238,22,81,81,0.7731990564929236,1.1102230246251565e-16,1.389127552841956
S308,Gradient Descent,true,0.000227408,0.7731990564929238,23,86,86,0.7731990564929236,1.1102230246251565e-16,1.38912754987071
S308,Nelder-Mead,true,0.000652453,0.7731990564929239,68,78,0,0.7731990564929236,2.220446049250313e-16,5.241772210728968e-9
S308,Particle Swarm,false,0.004684057,0.7731990564929236,1001,4004,0,0.7731990564929236,0.0,0.0
S308,Simulated Annealing,false,0.001244807,0.7740635672779406,1000,1001,0,0.7731990564929236,0.0008645107850169254,1.3755317635566917
SENSORS,Accelerated Gradient Descent,false,Inf,Inf,Inf,Inf,Inf,-2109.008174555823,Inf,Inf
SENSORS,BFGS,true,0.236224996,-916.1765407010777,3,19,19,-2109.008174555823,1192.8316338547456,106794.8056905457
SENSORS,L-BFGS,false,0.166250455,-916.1765401595695,3,20,20,-2109.008174555823,1192.8316343962538,106794.80569056327
SENSORS,Momentum Gradient Descent,true,0.285333784,-2105.999999999999,23,73,50,-2109.008174555823,3.008174555824098,19.88766958451106
SENSORS,Conjugate Gradient,true,0.058458967,-876.0148907666961,2,9,9,-2109.008174555823,1232.993283789127,92.71290842386958
SENSORS,Gradient Descent,true,0.060120634,-872.1488453469314,2,9,9,-2109.008174555823,1236.8593292088917,93.64056901464267
SENSORS,Nelder-Mead,false,1.532186945,-110.58287559259665,1000,1123,0,-2109.008174555823,1998.4252989632266,20.92518638714586
SENSORS,Particle Swarm,false,181.726574295,-2109.008174555823,1001,101101,0,-2109.008174555823,0.0,0.0
SENSORS,Simulated Annealing,false,1.909622409,-1261.5419214829224,1000,1001,0,-2109.008174555823,847.4662530729008,29.123839845857226
SINEVAL,Accelerated Gradient Descent,true,8.25e-5,5.647399124324233,2,15,15,6.573059887240831e-60,5.647399124324233,4.736389752484026
SINEVAL,BFGS,true,0.000752023,4.908614131181045e-38,61,293,293,6.573059887240831e-60,4.908614131181045e-38,3.6126479943609757e-19
SINEVAL,L-BFGS,true,0.000796237,6.573059887240831e-60,67,306,306,6.573059887240831e-60,0.0,0.0
SINEVAL,Momentum Gradient Descent,true,0.000581705,6.000170407287572e-46,56,246,190,6.573059887240831e-60,6.0001704072875066e-46,4.894891264898105e-23
SINEVAL,Conjugate Gradient,false,0.011379064,3.03718595642621,1000,3530,3530,6.573059887240831e-60,3.03718595642621,3.485061891914698
SINEVAL,Gradient Descent,false,0.013218637,0.08977759132792207,1000,4228,4228,6.573059887240831e-60,0.08977759132792207,0.5992446019161246
SINEVAL,Nelder-Mead,true,0.00195992,3.498258111653191e-17,223,329,0,6.573059887240831e-60,3.498258111653191e-17,1.0804895272827816e-9
SINEVAL,Particle Swarm,false,0.003526208,0.025626551020726508,1001,4004,0,6.573059887240831e-60,0.025626551020726508,0.3201212925606495
SINEVAL,Simulated Annealing,false,0.000814248,0.0059902195306907515,1000,1001,0,6.573059887240831e-60,0.0059902195306907515,0.13410902368297486
SISSER,Accelerated Gradient Descent,true,6.9199e-5,0.03510261059156852,4,19,19,0.0,0.03510261059156852,0.3277313394386889
SISSER,BFGS,true,0.000334709,1.7211515152713108e-23,25,99,99,0.0,1.7211515152713108e-23,1.4993712809790991e-6
SISSER,L-BFGS,true,0.000357803,1.720720413957917e-23,25,99,99,0.0,1.720720413957917e-23,1.4991760388762624e-6
SISSER,Momentum Gradient Descent,true,0.000567075,7.996201457287568e-23,30,92,62,0.0,7.996201457287568e-23,1.7780682583806297e-6
SISSER,Conjugate Gradient,true,0.000388769,4.5249114959225426e-23,13,66,66,0.0,4.5249114959225426e-23,1.5422019869854534e-6
SISSER,Gradient Descent,true,0.000170058,3.672596239429619e-23,11,56,56,0.0,3.672596239429619e-23,1.4689622262172743e-6
SISSER,Nelder-Mead,true,0.000399122,1.22979317339784e-21,32,42,0,0.0,1.22979317339784e-21,4.498028988734024e-6
SISSER,Particle Swarm,false,0.005554502,0.0,1001,4004,0,0.0,0.0,0.0
SISSER,Simulated Annealing,false,0.001045433,1.0511377228181452e-7,1000,1001,0,0.0,1.0511377228181452e-7,0.011021362282949018
SNAIL,Accelerated Gradient Descent,true,4.8342e-5,32.50607569651341,2,8,8,1.3848548556167319e-206,32.50607569651341,20.811989250760593
SNAIL,BFGS,true,0.000580688,4.8558760937329325e-39,28,115,115,1.3848548556167319e-206,4.8558760937329325e-39,5.111927253482393e-20
SNAIL,L-BFGS,true,0.000648619,4.71006533754153e-39,28,115,115,1.3848548556167319e-206,4.71006533754153e-39,5.034672552555838e-20
SNAIL,Momentum Gradient Descent,true,0.001357924,1.1262187505968876e-35,85,345,260,1.3848548556167319e-206,1.1262187505968876e-35,3.2079530138571707e-18
SNAIL,Conjugate Gradient,true,0.000111589,1.2596369612093582e-39,7,28,28,1.3848548556167319e-206,1.2596369612093582e-39,3.501372814875711e-20
SNAIL,Gradient Descent,true,0.000282883,4.810730465167764e-34,19,76,76,1.3848548556167319e-206,4.810730465167764e-34,1.5878462579962224e-17
SNAIL,Nelder-Mead,true,0.002846549,5.79593164854562e-17,318,468,0,1.3848548556167319e-206,5.79593164854562e-17,7.569533943230066e-9
SNAIL,Particle Swarm,false,0.016479801,1.3848548556167319e-206,1001,4004,0,1.3848548556167319e-206,0.0,0.0
SNAIL,Simulated Annealing,false,0.002036709,0.04972987846512825,1000,1001,0,1.3848548556167319e-206,0.04972987846512825,0.16722145526477036
STRATEC,Accelerated Gradient Descent,true,0.36746017,2901.485957416519,2,13,13,2212.2622909073903,689.2236665091286,12.4302542393231
STRATEC,BFGS,true,5.500650644,2212.2622909074216,38,149,149,2212.2622909073903,3.1377567211166024e-11,5.018376967313998e-7
STRATEC,L-BFGS,true,11.372490613,2212.2622909073903,83,385,385,2212.2622909073903,0.0,0.0
STRATEC,Momentum Gradient Descent,false,62.470028378,2228.2344799279463,1000,3090,2090,2212.2622909073903,15.972189020556016,5.469101327393974
STRATEC,Conjugate Gradient,false,101.942373175,2670.7415312653266,1000,3508,3508,2212.2622909073903,458.4792403579363,12.442191209703381
STRATEC,Gradient Descent,false,114.790617953,2619.8381300660535,1000,3947,3947,2212.2622909073903,407.57583915866326,12.469199524270541
STRATEC,Nelder-Mead,false,1.554336456,2456.699665727292,1000,1306,0,2212.2622909073903,244.43737481990183,11.73862353365025
STRATEC,Particle Swarm,false,10.254402279,2220.7858804049165,1001,11011,0,2212.2622909073903,8.523589497526245,4.3224901643851865
STRATEC,Simulated Annealing,false,0.873757108,2578.3367964944277,1000,1001,0,2212.2622909073903,366.0745055870375,12.918850297609854
TOINTGOR,Accelerated Gradient Descent,true,0.000175569,19899.393269822864,2,7,7,1373.905460663645,18525.487809159218,12.319366898866665
TOINTGOR,BFGS,true,0.004277362,1373.905460663645,47,168,168,1373.905460663645,0.0,0.0
TOINTGOR,L-BFGS,true,0.01836563,1373.9054606636453,121,427,427,1373.905460663645,2.2737367544323206e-13,9.215145873042729e-7
TOINTGOR,Momentum Gradient Descent,true,0.007770167,1373.9054606636503,127,402,275,1373.905460663645,5.229594535194337e-12,2.339663172534756e-6
TOINTGOR,Conjugate Gradient,false,0.07557207,1373.9054611619244,1000,3515,3515,1373.905460663645,4.982794052921236e-7,0.0010676262934943281
TOINTGOR,Gradient Descent,true,0.057282437,1373.9054606637199,725,2617,2617,1373.905460663645,7.480593922082335e-11,1.3139434420494922e-5
TOINTGOR,Nelder-Mead,false,0.014750185,4770.7484570234365,1000,1652,0,1373.905460663645,3396.8429963597914,13.337635324226644
TOINTGOR,Particle Swarm,false,0.497416596,1381.5883993555376,1001,51051,0,1373.905460663645,7.682938691892559,2.845743978287101
TOINTGOR,Simulated Annealing,false,0.006441614,2294.163942615192,1000,1001,0,1373.905460663645,920.2584819515469,10.608742129314404
TOINTPSP,Accelerated Gradient Descent,true,0.000105466,2668.784840233085,2,8,8,225.56040942188574,2443.2244308111995,8.258200960107377
TOINTPSP,BFGS,true,0.003011779,225.56040942188574,54,198,198,225.56040942188574,0.0,0.0
TOINTPSP,L-BFGS,true,0.004328507,225.56040942188605,84,307,307,225.56040942188574,3.126388037344441e-13,3.920750106800597e-7
TOINTPSP,Momentum Gradient Descent,true,0.004025338,225.5604094218867,144,478,334,225.56040942188574,9.663381206337363e-13,9.051956499916969e-7
TOINTPSP,Conjugate Gradient,false,0.033932824,225.56040942241896,1000,3568,3568,225.56040942188574,5.332196906238096e-10,3.248871936545328e-5
TOINTPSP,Gradient Descent,true,0.042817033,225.56040942188605,852,3082,3082,225.56040942188574,3.126388037344441e-13,5.74677873288465e-7
TOINTPSP,Nelder-Mead,false,0.011726171,1808.2531069193794,1000,1645,0,225.56040942188574,1582.6926974974938,6.094010735545978
TOINTPSP,Particle Swarm,false,0.260171138,225.56442504735028,1001,51051,0,225.56040942188574,0.0040156254645467016,0.02641136016400991
TOINTPSP,Simulated Annealing,false,0.002674262,763.4292681507708,1000,1001,0,225.56040942188574,537.868858728885,8.897007072262777
TOINTQOR,Accelerated Gradient Descent,true,0.000100172,3123.4245595408,2,8,8,1175.4722221461689,1947.9523373946313,5.921977126012424
TOINTQOR,BFGS,true,0.001401646,1175.4722221461693,28,101,101,1175.4722221461689,4.547473508864641e-13,3.675222770560538e-8
TOINTQOR,L-BFGS,true,0.001124212,1175.4722221461689,30,107,107,1175.4722221461689,0.0,0.0
TOINTQOR,Momentum Gradient Descent,true,0.000780109,1175.4722221461695,32,105,73,1175.4722221461689,6.821210263296962e-13,1.154587727647538e-7
TOINTQOR,Conjugate Gradient,true,0.005677988,1175.4722221461723,204,715,715,1175.4722221461689,3.410605131648481e-12,1.4278391073929697e-6
TOINTQOR,Gradient Descent,true,0.004462068,1175.472222146169,123,441,441,1175.4722221461689,2.2737367544323206e-13,9.616096008358e-8
TOINTQOR,Nelder-Mead,false,0.010479318,2231.017438182218,1000,1641,0,1175.4722221461689,1055.5452160360492,7.0544504259327505
TOINTQOR,Particle Swarm,false,0.243444969,1175.4722241539303,1001,51051,0,1175.4722221461689,2.00776139536174e-6,0.0003707550838498719
TOINTQOR,Simulated Annealing,false,0.002257458,1723.8635382837672,1000,1001,0,1175.4722221461689,548.3913161375983,7.520978294073888
VAREIGVL,Accelerated Gradient Descent,true,0.000166541,180.39240196500802,2,8,8,1.2627766532754424e-33,180.39240196500802,1.6382113837064698
VAREIGVL,BFGS,true,0.004937129,1.2627766532754424e-33,51,183,183,1.2627766532754424e-33,0.0,0.0
VAREIGVL,L-BFGS,true,0.003815356,3.201673862117854e-33,56,197,197,1.2627766532754424e-33,1.9388972088424115e-33,0.0009118568740841271
VAREIGVL,Momentum Gradient Descent,true,0.00996808,6.413891653933611e-33,149,592,443,1.2627766532754424e-33,5.151115000658169e-33,0.152105060180511
VAREIGVL,Conjugate Gradient,true,0.009718486,4.011744607330169e-33,166,582,582,1.2627766532754424e-33,2.7489679540547264e-33,0.02575903712850336
VAREIGVL,Gradient Descent,true,0.010575799,4.357691675437764e-33,161,565,565,1.2627766532754424e-33,3.094915022162322e-33,0.026150704568653704
VAREIGVL,Nelder-Mead,false,0.016800265,62.26465339234807,1000,1247,0,1.2627766532754424e-33,62.26465339234807,1.8584701779625872
VAREIGVL,Particle Swarm,false,0.308896269,4.806279177410453e-6,1001,51051,0,1.2627766532754424e-33,4.806279177410453e-6,1.6750881829927815
VAREIGVL,Simulated Annealing,false,0.003602353,112.55519308047593,1000,1001,0,1.2627766532754424e-33,112.55519308047593,1.0
VIBRBEAM,Accelerated Gradient Descent,true,0.000290582,12364.529153476777,2,8,8,3.806599322102281,12360.722554154674,1.920107975394363
VIBRBEAM,BFGS,true,0.008133036,3.806599322102281,46,191,191,3.806599322102281,0.0,0.0
VIBRBEAM,L-BFGS,true,0.008586706,4.055788162719145,41,234,234,3.806599322102281,0.2491888406168643,2.3906242546265473
VIBRBEAM,Momentum Gradient Descent,false,0.089940759,40.1608055113897,1000,3358,2358,3.806599322102281,36.35420618928742,1.9208608646476966
VIBRBEAM,Conjugate Gradient,false,0.108017312,921.1425712449143,1000,3870,3870,3.806599322102281,917.335971922812,1.9201080001168094
VIBRBEAM,Gradient Descent,false,0.112725355,1074.5156781092564,1000,3942,3942,3.806599322102281,1070.709078787154,1.9201080082284145
VIBRBEAM,Nelder-Mead,false,0.02461135,10.275807261341322,1000,1300,0,3.806599322102281,6.469207939239041,2.3853057485929146
VIBRBEAM,Particle Swarm,false,0.096196796,12.862533404338846,1001,9009,0,3.806599322102281,9.055934082236565,5.4430581406754674
VIBRBEAM,Simulated Annealing,false,0.011078515,8231.275067268562,1000,1001,0,3.806599322102281,8227.468467946459,1.9201079753921986
WATSON,Accelerated Gradient Descent,true,0.000201866,109.06482335758068,3,15,15,4.713597989072163e-10,109.06482335710932,10.409334209497915
WATSON,BFGS,true,0.003403758,4.713597989072163e-10,48,207,207,4.713597989072163e-10,0.0,0.0
WATSON,L-BFGS,true,0.005149901,2.6649918515564728e-9,69,283,283,4.713597989072163e-10,2.1936320526492567e-9,10.183670274522047
WATSON,Momentum Gradient Descent,false,0.043041962,1.5781287605277077e-7,1000,3115,2115,4.713597989072163e-10,1.5734151625386355e-7,10.29372502301891
WATSON,Conjugate Gradient,false,0.045030365,0.0020113375931796354,1000,3592,3592,4.713597989072163e-10,0.0020113371218198365,10.284149035388037
WATSON,Gradient Descent,false,0.042078974,9.251172837348727e-5,1000,3951,3951,4.713597989072163e-10,9.251125701368836e-5,10.259265397347868
WATSON,Nelder-Mead,false,0.010070333,3.0694556369340526e-5,1000,1255,0,4.713597989072163e-10,3.0694085009541616e-5,10.347675547343451
WATSON,Particle Swarm,false,0.037610024,0.016140287209967213,1001,13013,0,4.713597989072163e-10,0.016140286738607415,8.325438616278497
WATSON,Simulated Annealing,false,0.002715542,3.3106873430250396,1000,1001,0,4.713597989072163e-10,3.31068734255368,9.976377032629685
YFITU,Accelerated Gradient Descent,true,0.000134607,2976.312581444939,2,16,16,6.669720577245041e-13,2976.3125814449386,119.99569451283494
YFITU,BFGS,true,0.001783739,6.669720577245041e-13,54,219,219,6.669720577245041e-13,0.0,0.0
YFITU,L-BFGS,true,0.002183726,6.669720585751228e-13,63,269,269,6.669720577245041e-13,8.50618742897975e-22,2.842170943040401e-14
YFITU,Momentum Gradient Descent,true,0.007696379,7.183207261286818e-13,316,1006,690,6.669720577245041e-13,5.1348668404177735e-14,3.292821571676541e-5
YFITU,Conjugate Gradient,false,0.036470914,169.8836200341226,1000,3575,3575,6.669720577245041e-13,169.88362003412195,117.64427211132585
YFITU,Gradient Descent,false,0.029771654,176.683337686804,1000,3534,3534,6.669720577245041e-13,176.68333768680336,117.95436708897012
YFITU,Nelder-Mead,true,0.004178198,6.670293602747261e-13,367,483,0,6.669720577245041e-13,5.730255022202007e-17,1.3470952353600296e-8
YFITU,Particle Swarm,false,0.010544502,21.034787061854956,1001,4004,0,6.669720577245041e-13,21.03478706185429,98.69097021379056
YFITU,Simulated Annealing,false,0.00291625,276.8776788996304,1000,1001,0,6.669720577245041e-13,276.8776788996297,120.77087040275164
ZANGWIL2,Accelerated Gradient Descent,true,2.968e-5,-15.700000007849995,2,7,7,-18.200000009100023,2.5000000012500276,1.2500000185460736
ZANGWIL2,BFGS,true,4.847e-5,-18.200000009100002,2,7,7,-18.200000009100023,2.1316282072803006e-14,1.854607223350513e-8
ZANGWIL2,L-BFGS,true,2.7078e-5,-18.200000009100002,2,7,7,-18.200000009100023,2.1316282072803006e-14,1.854607223350513e-8
ZANGWIL2,Momentum Gradient Descent,true,4.3639e-5,-18.200000009100005,3,14,11,-18.200000009100023,1.7763568394002505e-14,1.854607134532671e-8
ZANGWIL2,Conjugate Gradient,true,6.0965e-5,-18.200000009100002,2,7,7,-18.200000009100023,2.1316282072803006e-14,1.854607223350513e-8
ZANGWIL2,Gradient Descent,true,4.3948e-5,-18.199840009099916,2,7,7,-18.200000009100023,0.0001600000001076296,0.010000013372675198
ZANGWIL2,Nelder-Mead,true,0.000660554,-18.200000009100005,55,61,0,-18.200000009100023,1.7763568394002505e-14,2.8857874312393506e-8
ZANGWIL2,Particle Swarm,false,0.003378721,-18.200000009100023,1001,4004,0,-18.200000009100023,0.0,0.0
ZANGWIL2,Simulated Annealing,false,0.000880349,-18.199728447222125,1000,1001,0,-18.200000009100023,0.0002715618778985629,0.013170931787273688
